Emissions ID,Site ID,Equipment,Component,Status,Days Active,Days Emitting,Estimated Days Active,Date Began,Date Repaired or Expired,Theoretical End Date,Mitigated Emissions (Kg Methane),"""True"" Volume Emitted (Kg Methane)","""Estimated"" Volume Emitted (Kg Methane)","""True"" Rate (g/s)","""Measured"" Rate (g/s)",Initially Detected By,Initially Detected Date,Tagged,Tagged By,Recorded,Recorded By,Repairable
0000000004,ABBT0128628,equip1,comp1_0,active,303,303,0,2022-03-04,,2023-03-04,0.0,0.0,,0.0,,,,False,,N/A,N/A,True
0000000005,ABBT0128628,equip1,comp1_0,active,270,270,0,2022-04-06,,2023-04-06,0.0,1298.4854688,,0.0556621,,,,False,,N/A,N/A,True
0000000006,ABBT0128628,equip1,comp1_0,active,208,208,0,2022-06-07,,2023-06-07,0.0,0.0,,0.0,,,,False,,N/A,N/A,True
0000000007,ABBT0128628,equip1,comp1_0,active,122,122,0,2022-09-01,,2023-09-01,0.0,0.0,,0.0,,,,False,,N/A,N/A,True
0000000008,ABBT0128628,equip1,comp1_0,active,26,26,0,2022-12-06,,2023-12-06,0.0,7.744439289600001,,0.003447489,,,,False,,N/A,N/A,True
0000000000,ABBT0128628,equip1,comp1_0,repaired,114,114,0,2021-04-25,2022-04-25,2022-04-25,0.0,0.0,,0.0,,,,True,natural,N/A,N/A,True
0000000001,ABBT0128628,equip1,comp1_0,repaired,137,137,0,2021-05-18,2022-05-18,2022-05-18,0.0,0.0,,0.0,,,,True,natural,N/A,N/A,True
0000000002,ABBT0128628,equip1,comp1_0,repaired,156,156,0,2021-06-06,2022-06-06,2022-06-06,0.0,0.0,,0.0,,,,True,natural,N/A,N/A,True
0000000003,ABBT0128628,equip1,comp1_0,repaired,221,221,0,2021-08-10,2022-08-10,2022-08-10,0.0,648.6864707231999,,0.033972603,,,,True,natural,N/A,N/A,True
0000000001,ABBT0128628,equip1,comp2_0,active,361,361,0,2022-01-05,,,0.0,37428.48,,1.2,,,,N/A,N/A,False,,False
0000000002,ABBT0128628,equip1,comp2_0,active,204,204,0,2022-06-11,,,0.0,17625.600000000002,,1.0,,,,N/A,N/A,False,,False
0000000000,ABBT0128628,equip1,comp2_0,expired,326,326,0,2021-11-23,2022-11-23,2022-11-23,0.0,95765.76,,3.4,,,,N/A,N/A,False,expired,False
0000000001,ABBT0128628,equip1,comp2_1,active,336,336,0,2022-01-30,,,0.0,290304.0,,10.0,,,,N/A,N/A,False,,False
0000000002,ABBT0128628,equip1,comp2_1,active,320,320,0,2022-02-15,,,0.0,94003.20000000001,,3.4,,,,N/A,N/A,False,,False
0000000003,ABBT0128628,equip1,comp2_1,active,193,193,0,2022-06-22,,,0.0,166752.0,,10.0,,,,N/A,N/A,False,,False
0000000004,ABBT0128628,equip1,comp2_1,active,99,99,0,2022-09-24,,,0.0,10264.32,,1.2,,,,N/A,N/A,False,,False
0000000000,ABBT0128628,equip1,comp2_1,expired,100,100,0,2021-04-11,2022-04-11,2022-04-11,0.0,10368.0,,1.2,,,,N/A,N/A,False,expired,False
0000000002,ABBT0128628,equip1,comp2_2,active,256,256,0,2022-04-20,,,0.0,26542.08,,1.2,,,,N/A,N/A,False,,False
0000000003,ABBT0128628,equip1,comp2_2,active,254,254,0,2022-04-22,,,0.0,74615.04000000001,,3.4,,,,N/A,N/A,False,,False
0000000004,ABBT0128628,equip1,comp2_2,active,237,237,0,2022-05-09,,,0.0,204768.0,,10.0,,,,N/A,N/A,False,,False
0000000005,ABBT0128628,equip1,comp2_2,active,201,201,0,2022-06-14,,,0.0,173664.0,,10.0,,,,N/A,N/A,False,,False
0000000006,ABBT0128628,equip1,comp2_2,active,106,106,0,2022-09-17,,,0.0,10990.08,,1.2,,,,N/A,N/A,False,,False
0000000007,ABBT0128628,equip1,comp2_2,active,98,98,0,2022-09-25,,,0.0,84672.0,,10.0,,,,N/A,N/A,False,,False
0000000008,ABBT0128628,equip1,comp2_2,active,90,90,0,2022-10-03,,,0.0,77760.0,,10.0,,,,N/A,N/A,False,,False
0000000000,ABBT0128628,equip1,comp2_2,expired,117,117,0,2021-04-28,2022-04-28,2022-04-28,0.0,12130.560000000001,,1.2,,,,N/A,N/A,False,expired,False
0000000001,ABBT0128628,equip1,comp2_2,expired,239,239,0,2021-08-28,2022-08-28,2022-08-28,0.0,20649.600000000002,,1.0,,,,N/A,N/A,False,expired,False
0000000003,ABBT0128628,equip2,comp1_0,active,330,330,0,2022-02-05,,2023-02-05,0.0,193.334796864,,0.006780822,,,,False,,N/A,N/A,True
0000000004,ABBT0128628,equip2,comp1_0,active,234,234,0,2022-05-12,,2023-05-12,0.0,227.10181403520002,,0.011232877,,,,False,,N/A,N/A,True
0000000005,ABBT0128628,equip2,comp1_0,active,227,227,0,2022-05-19,,2023-05-19,0.0,0.0,,0.0,,,,False,,N/A,N/A,True
0000000006,ABBT0128628,equip2,comp1_0,active,174,174,0,2022-07-11,,2023-07-11,0.0,0.0,,0.0,,,,False,,N/A,N/A,True
0000000007,ABBT0128628,equip2,comp1_0,active,53,53,0,2022-11-09,,2023-11-09,0.0,0.0,,0.0,,,,False,,N/A,N/A,True
0000000008,ABBT0128628,equip2,comp1_0,active,15,15,0,2022-12-17,,2023-12-17,0.0,0.0,,0.0,,,,False,,N/A,N/A,True
0000000000,ABBT0128628,equip2,comp1_0,repaired,276,276,0,2021-10-04,2022-10-04,2022-10-04,0.0,0.0,,0.0,,,,True,natural,N/A,N/A,True
0000000001,ABBT0128628,equip2,comp1_0,repaired,311,311,0,2021-11-08,2022-11-08,2022-11-08,0.0,0.0,,0.0,,,,True,natural,N/A,N/A,True
0000000002,ABBT0128628,equip2,comp1_0,repaired,318,318,0,2021-11-15,2022-11-15,2022-11-15,0.0,0.0,,0.0,,,,True,natural,N/A,N/A,True
0000000009,ABBT0128628,equip2,comp1_1,active,309,309,0,2022-02-26,,2023-02-26,0.0,0.0,,0.0,,,,False,,N/A,N/A,True
0000000010,ABBT0128628,equip2,comp1_1,active,220,220,0,2022-05-26,,2023-05-26,0.0,0.0,,0.0,,,,False,,N/A,N/A,True
0000000011,ABBT0128628,equip2,comp1_1,active,173,173,0,2022-07-12,,2023-07-12,0.0,0.0,,0.0,,,,False,,N/A,N/A,True
0000000000,ABBT0128628,equip2,comp1_1,repaired,54,54,0,2021-02-24,2022-02-24,2022-02-24,0.0,0.0,,0.0,,,,True,natural,N/A,N/A,True
0000000001,ABBT0128628,equip2,comp1_1,repaired,118,118,0,2021-04-29,2022-04-29,2022-04-29,0.0,0.0,,0.0,,,,True,natural,N/A,N/A,True
0000000002,ABBT0128628,equip2,comp1_1,repaired,153,153,0,2021-06-03,2022-06-03,2022-06-03,0.0,0.0,,0.0,,,,True,natural,N/A,N/A,True
0000000003,ABBT0128628,equip2,comp1_1,repaired,158,158,0,2021-06-08,2022-06-08,2022-06-08,0.0,15807.6532666944,,1.157968037,,,,True,natural,N/A,N/A,True
0000000004,ABBT0128628,equip2,comp1_1,repaired,177,177,0,2021-06-27,2022-06-27,2022-06-27,0.0,0.0,,0.0,,,,True,natural,N/A,N/A,True
0000000005,ABBT0128628,equip2,comp1_1,repaired,229,229,0,2021-08-18,2022-08-18,2022-08-18,0.0,0.0,,0.0,,,,True,natural,N/A,N/A,True
0000000006,ABBT0128628,equip2,comp1_1,repaired,290,290,0,2021-10-18,2022-10-18,2022-10-18,0.0,0.0,,0.0,,,,True,natural,N/A,N/A,True
0000000007,ABBT0128628,equip2,comp1_1,repaired,333,333,0,2021-11-30,2022-11-30,2022-11-30,0.0,0.0,,0.0,,,,True,natural,N/A,N/A,True
0000000008,ABBT0128628,equip2,comp1_1,repaired,350,350,0,2021-12-17,2022-12-17,2022-12-17,0.0,0.0,,0.0,,,,True,natural,N/A,N/A,True
0000000005,ABBT0128628,equip2,comp1_2,active,329,329,0,2022-02-06,,2023-02-06,0.0,0.0,,0.0,,,,False,,N/A,N/A,True
0000000006,ABBT0128628,equip2,comp1_2,active,248,248,0,2022-04-28,,2023-04-28,0.0,226.012927104,,0.010547945,,,,False,,N/A,N/A,True
0000000007,ABBT0128628,equip2,comp1_2,active,246,246,0,2022-04-30,,2023-04-30,0.0,0.0,,0.0,,,,False,,N/A,N/A,True
0000000008,ABBT0128628,equip2,comp1_2,active,191,191,0,2022-06-24,,2023-06-24,0.0,32.0252010336,,0.001940639,,,,False,,N/A,N/A,True
0000000009,ABBT0128628,equip2,comp1_2,active,143,143,0,2022-08-11,,2023-08-11,0.0,0.0,,0.0,,,,False,,N/A,N/A,True
0000000010,ABBT0128628,equip2,comp1_2,active,131,131,0,2022-08-23,,2023-08-23,0.0,0.0,,0.0,,,,False,,N/A,N/A,True
0000000011,ABBT0128628,equip2,comp1_2,active,92,92,0,2022-10-01,,2023-10-01,0.0,1857.8051491968,,0.233721461,,,,False,,N/A,N/A,True
0000000000,ABBT0128628,equip2,comp1_2,repaired,1,1,0,2021-01-01,2022-01-02,2022-01-01,0.0,0.0,,0.0,,,,True,natural,N/A,N/A,True
0000000001,ABBT0128628,equip2,comp1_2,repaired,18,18,0,2021-01-19,2022-01-19,2022-01-19,0.0,0.0,,0.0,,,,True,natural,N/A,N/A,True
0000000002,ABBT0128628,equip2,comp1_2,repaired,21,21,0,2021-01-22,2022-01-22,2022-01-22,0.0,661.5517805568,,0.364611872,,,,True,natural,N/A,N/A,True
0000000003,ABBT0128628,equip2,comp1_2,repaired,276,276,0,2021-10-04,2022-10-04,2022-10-04,0.0,0.0,,0.0,,,,True,natural,N/A,N/A,True
0000000004,ABBT0128628,equip2,comp1_2,repaired,331,331,0,2021-11-28,2022-11-28,2022-11-28,0.0,0.0,,0.0,,,,True,natural,N/A,N/A,True
0000000002,ABBT0140721,equip1,comp1_0,active,187,187,0,2022-06-28,,2023-06-28,0.0,4.7954028672,,0.000296804,,,,False,,N/A,N/A,True
0000000000,ABBT0140721,equip1,comp1_0,repaired,31,31,0,2021-02-01,2022-02-01,2022-02-01,0.0,625.9995611424,,0.233721461,,,,True,natural,N/A,N/A,True
0000000001,ABBT0140721,equip1,comp1_0,repaired,174,174,0,2021-06-24,2022-06-24,2022-06-24,0.0,0.0,,0.0,,,,True,natural,N/A,N/A,True
0000000004,ABBT0140721,equip1,comp2_0,active,249,249,0,2022-04-27,,,0.0,25816.320000000003,,1.2,,,,N/A,N/A,False,,False
0000000005,ABBT0140721,equip1,comp2_0,active,240,240,0,2022-05-06,,,0.0,207360.0,,10.0,,,,N/A,N/A,False,,False
0000000006,ABBT0140721,equip1,comp2_0,active,191,191,0,2022-06-24,,,0.0,19802.88,,1.2,,,,N/A,N/A,False,,False
0000000007,ABBT0140721,equip1,comp2_0,active,112,112,0,2022-09-11,,,0.0,96768.0,,10.0,,,,N/A,N/A,False,,False
0000000008,ABBT0140721,equip1,comp2_0,active,61,61,0,2022-11-01,,,0.0,52704.0,,10.0,,,,N/A,N/A,False,,False
0000000009,ABBT0140721,equip1,comp2_0,active,2,2,0,2022-12-30,,,0.0,207.36,,1.2,,,,N/A,N/A,False,,False
0000000000,ABBT0140721,equip1,comp2_0,expired,18,18,0,2021-01-19,2022-01-19,2022-01-19,0.0,5287.68,,3.4,,,,N/A,N/A,False,expired,False
0000000001,ABBT0140721,equip1,comp2_0,expired,58,58,0,2021-02-28,2022-02-28,2022-02-28,0.0,50112.0,,10.0,,,,N/A,N/A,False,expired,False
0000000002,ABBT0140721,equip1,comp2_0,expired,76,76,0,2021-03-18,2022-03-18,2022-03-18,0.0,6566.400000000001,,1.0,,,,N/A,N/A,False,expired,False
0000000003,ABBT0140721,equip1,comp2_0,expired,329,329,0,2021-11-26,2022-11-26,2022-11-26,0.0,96647.04,,3.4,,,,N/A,N/A,False,expired,False
0000000007,ABBT0140721,equip1,comp2_1,active,14,14,0,2022-12-18,,,0.0,12096.0,,10.0,,,,N/A,N/A,False,,False
0000000008,ABBT0140721,equip1,comp2_1,active,3,3,0,2022-12-29,,,0.0,311.03999999999996,,1.2,,,,N/A,N/A,False,,False
0000000000,ABBT0140721,equip1,comp2_1,expired,54,54,0,2021-02-24,2022-02-24,2022-02-24,0.0,5598.72,,1.2,,,,N/A,N/A,False,expired,False
0000000001,ABBT0140721,equip1,comp2_1,expired,61,61,0,2021-03-03,2022-03-03,2022-03-03,0.0,17919.36,,3.4,,,,N/A,N/A,False,expired,False
0000000002,ABBT0140721,equip1,comp2_1,expired,63,63,0,2021-03-05,2022-03-05,2022-03-05,0.0,18506.88,,3.4,,,,N/A,N/A,False,expired,False
0000000003,ABBT0140721,equip1,comp2_1,expired,78,78,0,2021-03-20,2022-03-20,2022-03-20,0.0,6739.200000000001,,1.0,,,,N/A,N/A,False,expired,False
0000000004,ABBT0140721,equip1,comp2_1,expired,200,200,0,2021-07-20,2022-07-20,2022-07-20,0.0,172800.0,,10.0,,,,N/A,N/A,False,expired,False
0000000005,ABBT0140721,equip1,comp2_1,expired,323,323,0,2021-11-20,2022-11-20,2022-11-20,0.0,279072.0,,10.0,,,,N/A,N/A,False,expired,False
0000000006,ABBT0140721,equip1,comp2_1,expired,362,362,0,2021-12-29,2022-12-29,2022-12-29,0.0,106341.12000000001,,3.4,,,,N/A,N/A,False,expired,False
0000000005,ABBT0140721,equip1,comp2_2,active,329,329,0,2022-02-06,,,0.0,284256.0,,10.0,,,,N/A,N/A,False,,False
0000000006,ABBT0140721,equip1,comp2_2,active,318,318,0,2022-02-17,,,0.0,93415.68000000001,,3.4,,,,N/A,N/A,False,,False
0000000007,ABBT0140721,equip1,comp2_2,active,284,284,0,2022-03-23,,,0.0,29445.120000000003,,1.2,,,,N/A,N/A,False,,False
0000000008,ABBT0140721,equip1,comp2_2,active,276,276,0,2022-03-31,,,0.0,81077.76000000001,,3.4,,,,N/A,N/A,False,,False
0000000009,ABBT0140721,equip1,comp2_2,active,271,271,0,2022-04-05,,,0.0,79608.96,,3.4,,,,N/A,N/A,False,,False
0000000010,ABBT0140721,equip1,comp2_2,active,231,231,0,2022-05-15,,,0.0,67858.56,,3.4,,,,N/A,N/A,False,,False
0000000011,ABBT0140721,equip1,comp2_2,active,197,197,0,2022-06-18,,,0.0,170208.0,,10.0,,,,N/A,N/A,False,,False
0000000012,ABBT0140721,equip1,comp2_2,active,156,156,0,2022-07-29,,,0.0,16174.08,,1.2,,,,N/A,N/A,False,,False
0000000000,ABBT0140721,equip1,comp2_2,expired,109,109,0,2021-04-20,2022-04-20,2022-04-20,0.0,9417.6,,1.0,,,,N/A,N/A,False,expired,False
0000000001,ABBT0140721,equip1,comp2_2,expired,166,166,0,2021-06-16,2022-06-16,2022-06-16,0.0,14342.400000000001,,1.0,,,,N/A,N/A,False,expired,False
0000000002,ABBT0140721,equip1,comp2_2,expired,229,229,0,2021-08-18,2022-08-18,2022-08-18,0.0,23742.72,,1.2,,,,N/A,N/A,False,expired,False
0000000003,ABBT0140721,equip1,comp2_2,expired,236,236,0,2021-08-25,2022-08-25,2022-08-25,0.0,69327.36,,3.4,,,,N/A,N/A,False,expired,False
0000000004,ABBT0140721,equip1,comp2_2,expired,310,310,0,2021-11-07,2022-11-07,2022-11-07,0.0,267840.0,,10.0,,,,N/A,N/A,False,expired,False
0000000004,ABBT0140721,equip2,comp1_0,active,254,254,0,2022-04-22,,2023-04-22,0.0,0.0,,0.0,,,,False,,N/A,N/A,True
0000000005,ABBT0140721,equip2,comp1_0,active,192,192,0,2022-06-23,,2023-06-23,0.0,0.0,,0.0,,,,False,,N/A,N/A,True
0000000006,ABBT0140721,equip2,comp1_0,active,69,69,0,2022-10-24,,2023-10-24,0.0,0.0,,0.0,,,,False,,N/A,N/A,True
0000000007,ABBT0140721,equip2,comp1_0,active,46,46,0,2022-11-16,,2023-11-16,0.0,0.0,,0.0,,,,False,,N/A,N/A,True
0000000000,ABBT0140721,equip2,comp1_0,repaired,40,40,0,2021-02-10,2022-02-10,2022-02-10,0.0,0.0,,0.0,,,,True,natural,N/A,N/A,True
0000000001,ABBT0140721,equip2,comp1_0,repaired,136,136,0,2021-05-17,2022-05-17,2022-05-17,0.0,0.0,,0.0,,,,True,natural,N/A,N/A,True
0000000002,ABBT0140721,equip2,comp1_0,repaired,214,214,0,2021-08-03,2022-08-03,2022-08-03,0.0,0.0,,0.0,,,,True,natural,N/A,N/A,True
0000000003,ABBT0140721,equip2,comp1_0,repaired,346,346,0,2021-12-13,2022-12-13,2022-12-13,0.0,0.0,,0.0,,,,True,natural,N/A,N/A,True
0000000006,ABBT0140721,equip2,comp1_1,active,350,350,0,2022-01-16,,2023-01-16,0.0,0.0,,0.0,,,,False,,N/A,N/A,True
0000000007,ABBT0140721,equip2,comp1_1,active,296,296,0,2022-03-11,,2023-03-11,0.0,0.0,,0.0,,,,False,,N/A,N/A,True
0000000008,ABBT0140721,equip2,comp1_1,active,136,136,0,2022-08-18,,2023-08-18,0.0,0.0,,0.0,,,,False,,N/A,N/A,True
0000000000,ABBT0140721,equip2,comp1_1,repaired,51,51,0,2021-02-21,2022-02-21,2022-02-21,0.0,0.0,,0.0,,,,True,natural,N/A,N/A,True
0000000001,ABBT0140721,equip2,comp1_1,repaired,94,94,0,2021-04-05,2022-04-05,2022-04-05,0.0,0.0,,0.0,,,,True,natural,N/A,N/A,True
0000000002,ABBT0140721,equip2,comp1_1,repaired,122,122,0,2021-05-03,2022-05-03,2022-05-03,0.0,0.0,,0.0,,,,True,natural,N/A,N/A,True
0000000003,ABBT0140721,equip2,comp1_1,repaired,160,160,0,2021-06-10,2022-06-10,2022-06-10,0.0,0.0,,0.0,,,,True,natural,N/A,N/A,True
0000000004,ABBT0140721,equip2,comp1_1,repaired,221,221,0,2021-08-10,2022-08-10,2022-08-10,0.0,0.0,,0.0,,,,True,natural,N/A,N/A,True
0000000005,ABBT0140721,equip2,comp1_1,repaired,359,359,0,2021-12-26,2022-12-26,2022-12-26,0.0,844.8401119968,,0.027237443,,,,True,natural,N/A,N/A,True
0000000005,ABBT0140721,equip2,comp1_2,active,337,337,0,2022-01-29,,2023-01-29,0.0,0.0,,0.0,,,,False,,N/A,N/A,True
0000000006,ABBT0140721,equip2,comp1_2,active,274,274,0,2022-04-02,,2023-04-02,0.0,10293.6920643072,,0.434817352,,,,False,,N/A,N/A,True
0000000007,ABBT0140721,equip2,comp1_2,active,213,213,0,2022-06-02,,2023-06-02,0.0,0.0,,0.0,,,,False,,N/A,N/A,True
0000000008,ABBT0140721,equip2,comp1_2,active,72,72,0,2022-10-21,,2023-10-21,0.0,0.0,,0.0,,,,False,,N/A,N/A,True
0000000009,ABBT0140721,equip2,comp1_2,active,49,49,0,2022-11-13,,2023-11-13,0.0,0.0,,0.0,,,,False,,N/A,N/A,True
0000000010,ABBT0140721,equip2,comp1_2,active,44,44,0,2022-11-18,,2023-11-18,0.0,133.056,,0.035,,,,False,,N/A,N/A,True
0000000000,ABBT0140721,equip2,comp1_2,repaired,30,30,0,2021-01-31,2022-01-31,2022-01-31,0.0,0.0,,0.0,,,,True,natural,N/A,N/A,True
0000000001,ABBT0140721,equip2,comp1_2,repaired,62,62,0,2021-03-04,2022-03-04,2022-03-04,0.0,0.0,,0.0,,,,True,natural,N/A,N/A,True
0000000002,ABBT0140721,equip2,comp1_2,repaired,63,63,0,2021-03-05,2022-03-05,2022-03-05,0.0,0.0,,0.0,,,,True,natural,N/A,N/A,True
0000000003,ABBT0140721,equip2,comp1_2,repaired,124,124,0,2021-05-05,2022-05-05,2022-05-05,0.0,0.0,,0.0,,,,True,natural,N/A,N/A,True
0000000004,ABBT0140721,equip2,comp1_2,repaired,338,338,0,2021-12-05,2022-12-05,2022-12-05,0.0,0.0,,0.0,,,,True,natural,N/A,N/A,True
0000000007,ABBT0146873,equip1,comp1_0,active,170,170,0,2022-07-15,,2023-07-15,0.0,0.0,,0.0,,,,False,,N/A,N/A,True
0000000000,ABBT0146873,equip1,comp1_0,repaired,15,15,0,2021-01-16,2022-01-16,2022-01-16,0.0,6.746300784000001,,0.005205479,,,,True,natural,N/A,N/A,True
0000000001,ABBT0146873,equip1,comp1_0,repaired,93,93,0,2021-04-04,2022-04-04,2022-04-04,0.0,0.0,,0.0,,,,True,natural,N/A,N/A,True
0000000002,ABBT0146873,equip1,comp1_0,repaired,134,134,0,2021-05-15,2022-05-15,2022-05-15,0.0,0.0,,0.0,,,,True,natural,N/A,N/A,True
0000000003,ABBT0146873,equip1,comp1_0,repaired,162,162,0,2021-06-12,2022-06-12,2022-06-12,0.0,0.0,,0.0,,,,True,natural,N/A,N/A,True
0000000004,ABBT0146873,equip1,comp1_0,repaired,320,320,0,2021-11-17,2022-11-17,2022-11-17,0.0,0.0,,0.0,,,,True,natural,N/A,N/A,True
0000000005,ABBT0146873,equip1,comp1_0,repaired,329,329,0,2021-11-26,2022-11-26,2022-11-26,0.0,0.0,,0.0,,,,True,natural,N/A,N/A,True
0000000006,ABBT0146873,equip1,comp1_0,repaired,359,359,0,2021-12-26,2022-12-26,2022-12-26,0.0,0.0,,0.0,,,,True,natural,N/A,N/A,True
0000000002,ABBT0146873,equip1,comp2_0,active,352,352,0,2022-01-14,,,0.0,36495.36,,1.2,,,,N/A,N/A,False,,False
0000000003,ABBT0146873,equip1,comp2_0,active,324,324,0,2022-02-11,,,0.0,33592.32,,1.2,,,,N/A,N/A,False,,False
0000000004,ABBT0146873,equip1,comp2_0,active,284,284,0,2022-03-23,,,0.0,245376.00000000003,,10.0,,,,N/A,N/A,False,,False
0000000005,ABBT0146873,equip1,comp2_0,active,189,189,0,2022-06-26,,,0.0,55520.64000000001,,3.4,,,,N/A,N/A,False,,False
0000000000,ABBT0146873,equip1,comp2_0,expired,63,63,0,2021-03-05,2022-03-05,2022-03-05,0.0,5443.200000000001,,1.0,,,,N/A,N/A,False,expired,False
0000000001,ABBT0146873,equip1,comp2_0,expired,206,206,0,2021-07-26,2022-07-26,2022-07-26,0.0,17798.4,,1.0,,,,N/A,N/A,False,expired,False
0000000002,ABBT0146873,equip1,comp2_1,active,345,345,0,2022-01-21,,,0.0,298080.0,,10.0,,,,N/A,N/A,False,,False
0000000003,ABBT0146873,equip1,comp2_1,active,289,289,0,2022-03-18,,,0.0,24969.600000000002,,1.0,,,,N/A,N/A,False,,False
0000000004,ABBT0146873,equip1,comp2_1,active,261,261,0,2022-04-15,,,0.0,225504.00000000003,,10.0,,,,N/A,N/A,False,,False
0000000005,ABBT0146873,equip1,comp2_1,active,164,164,0,2022-07-21,,,0.0,17003.52,,1.2,,,,N/A,N/A,False,,False
0000000006,ABBT0146873,equip1,comp2_1,active,115,115,0,2022-09-08,,,0.0,99360.0,,10.0,,,,N/A,N/A,False,,False
0000000007,ABBT0146873,equip1,comp2_1,active,10,10,0,2022-12-22,,,0.0,8640.0,,10.0,,,,N/A,N/A,False,,False
0000000000,ABBT0146873,equip1,comp2_1,expired,38,38,0,2021-02-08,2022-02-08,2022-02-08,0.0,3283.2000000000003,,1.0,,,,N/A,N/A,False,expired,False
0000000001,ABBT0146873,equip1,comp2_1,expired,309,309,0,2021-11-06,2022-11-06,2022-11-06,0.0,26697.600000000002,,1.0,,,,N/A,N/A,False,expired,False
0000000004,ABBT0146873,equip1,comp2_2,active,349,349,0,2022-01-17,,,0.0,301536.0,,10.0,,,,N/A,N/A,False,,False
0000000005,ABBT0146873,equip1,comp2_2,active,304,304,0,2022-03-03,,,0.0,262656.0,,10.0,,,,N/A,N/A,False,,False
0000000006,ABBT0146873,equip1,comp2_2,active,111,111,0,2022-09-12,,,0.0,11508.48,,1.2,,,,N/A,N/A,False,,False
0000000007,ABBT0146873,equip1,comp2_2,active,98,98,0,2022-09-25,,,0.0,84672.0,,10.0,,,,N/A,N/A,False,,False
0000000000,ABBT0146873,equip1,comp2_2,expired,91,91,0,2021-04-02,2022-04-02,2022-04-02,0.0,26732.16,,3.4,,,,N/A,N/A,False,expired,False
0000000001,ABBT0146873,equip1,comp2_2,expired,159,159,0,2021-06-09,2022-06-09,2022-06-09,0.0,46707.840000000004,,3.4,,,,N/A,N/A,False,expired,False
0000000002,ABBT0146873,equip1,comp2_2,expired,250,250,0,2021-09-08,2022-09-08,2022-09-08,0.0,21600.0,,1.0,,,,N/A,N/A,False,expired,False
0000000003,ABBT0146873,equip1,comp2_2,expired,362,362,0,2021-12-29,2022-12-29,2022-12-29,0.0,312768.0,,10.0,,,,N/A,N/A,False,expired,False
0000000006,ABBT0146873,equip2,comp1_0,active,262,262,0,2022-04-14,,2023-04-14,0.0,0.0,,0.0,,,,False,,N/A,N/A,True
0000000007,ABBT0146873,equip2,comp1_0,active,189,189,0,2022-06-26,,2023-06-26,0.0,0.0,,0.0,,,,False,,N/A,N/A,True
0000000000,ABBT0146873,equip2,comp1_0,repaired,67,67,0,2021-03-09,2022-03-09,2022-03-09,0.0,0.0,,0.0,,,,True,natural,N/A,N/A,True
0000000001,ABBT0146873,equip2,comp1_0,repaired,77,77,0,2021-03-19,2022-03-19,2022-03-19,0.0,0.0,,0.0,,,,True,natural,N/A,N/A,True
0000000002,ABBT0146873,equip2,comp1_0,repaired,90,90,0,2021-04-01,2022-04-01,2022-04-01,0.0,0.0,,0.0,,,,True,natural,N/A,N/A,True
0000000003,ABBT0146873,equip2,comp1_0,repaired,105,105,0,2021-04-16,2022-04-16,2022-04-16,0.0,0.0,,0.0,,,,True,natural,N/A,N/A,True
0000000004,ABBT0146873,equip2,comp1_0,repaired,243,243,0,2021-09-01,2022-09-01,2022-09-01,0.0,0.0,,0.0,,,,True,natural,N/A,N/A,True
0000000005,ABBT0146873,equip2,comp1_0,repaired,335,335,0,2021-12-02,2022-12-02,2022-12-02,0.0,0.0,,0.0,,,,True,natural,N/A,N/A,True
0000000003,ABBT0146873,equip2,comp1_1,active,306,306,0,2022-03-01,,2023-03-01,0.0,0.0,,0.0,,,,False,,N/A,N/A,True
0000000004,ABBT0146873,equip2,comp1_1,active,240,240,0,2022-05-06,,2023-05-06,0.0,0.0,,0.0,,,,False,,N/A,N/A,True
0000000005,ABBT0146873,equip2,comp1_1,active,200,200,0,2022-06-15,,2023-06-15,0.0,0.0,,0.0,,,,False,,N/A,N/A,True
0000000006,ABBT0146873,equip2,comp1_1,active,161,161,0,2022-07-24,,2023-07-24,0.0,0.0,,0.0,,,,False,,N/A,N/A,True
0000000007,ABBT0146873,equip2,comp1_1,active,144,144,0,2022-08-10,,2023-08-10,0.0,1919.3582416896002,,0.154269406,,,,False,,N/A,N/A,True
0000000008,ABBT0146873,equip2,comp1_1,active,98,98,0,2022-09-25,,2023-09-25,0.0,0.0,,0.0,,,,False,,N/A,N/A,True
0000000009,ABBT0146873,equip2,comp1_1,active,2,2,0,2022-12-30,,2023-12-30,0.0,0.0,,0.0,,,,False,,N/A,N/A,True
0000000000,ABBT0146873,equip2,comp1_1,repaired,54,54,0,2021-02-24,2022-02-24,2022-02-24,0.0,259.164492192,,0.055547945,,,,True,natural,N/A,N/A,True
0000000001,ABBT0146873,equip2,comp1_1,repaired,111,111,0,2021-04-22,2022-04-22,2022-04-22,0.0,0.0,,0.0,,,,True,natural,N/A,N/A,True
0000000002,ABBT0146873,equip2,comp1_1,repaired,134,134,0,2021-05-15,2022-05-15,2022-05-15,0.0,0.0,,0.0,,,,True,natural,N/A,N/A,True
0000000006,ABBT0146873,equip2,comp1_2,active,317,317,0,2022-02-18,,2023-02-18,0.0,0.0,,0.0,,,,False,,N/A,N/A,True
0000000007,ABBT0146873,equip2,comp1_2,active,209,209,0,2022-06-06,,2023-06-06,0.0,0.0,,0.0,,,,False,,N/A,N/A,True
0000000008,ABBT0146873,equip2,comp1_2,active,50,50,0,2022-11-12,,2023-11-12,0.0,2404.70137152,,0.556643836,,,,False,,N/A,N/A,True
0000000000,ABBT0146873,equip2,comp1_2,repaired,15,15,0,2021-01-16,2022-01-16,2022-01-16,0.0,0.0,,0.0,,,,True,natural,N/A,N/A,True
0000000001,ABBT0146873,equip2,comp1_2,repaired,92,92,0,2021-04-03,2022-04-03,2022-04-03,0.0,0.0,,0.0,,,,True,natural,N/A,N/A,True
0000000002,ABBT0146873,equip2,comp1_2,repaired,187,187,0,2021-07-07,2022-07-07,2022-07-07,0.0,786.814025184,,0.04869863,,,,True,natural,N/A,N/A,True
0000000003,ABBT0146873,equip2,comp1_2,repaired,203,203,0,2021-07-23,2022-07-23,2022-07-23,0.0,0.0,,0.0,,,,True,natural,N/A,N/A,True
0000000004,ABBT0146873,equip2,comp1_2,repaired,287,287,0,2021-10-15,2022-10-15,2022-10-15,0.0,0.0,,0.0,,,,True,natural,N/A,N/A,True
0000000005,ABBT0146873,equip2,comp1_2,repaired,362,362,0,2021-12-29,2022-12-29,2022-12-29,0.0,657.6696904896,,0.021027397,,,,True,natural,N/A,N/A,True
0000000004,ABBT0143276,equip1,comp1_0,active,303,303,0,2022-03-04,,2023-03-04,0.0,0.0,,0.0,,,,False,,N/A,N/A,True
0000000005,ABBT0143276,equip1,comp1_0,active,73,73,0,2022-10-20,,2023-10-20,0.0,0.0,,0.0,,,,False,,N/A,N/A,True
0000000000,ABBT0143276,equip1,comp1_0,repaired,82,82,0,2021-03-24,2022-03-24,2022-03-24,0.0,287.27408073600003,,0.040547945,,,,True,natural,N/A,N/A,True
0000000001,ABBT0143276,equip1,comp1_0,repaired,88,88,0,2021-03-30,2022-03-30,2022-03-30,0.0,27.25348032,,0.003584475,,,,True,natural,N/A,N/A,True
0000000002,ABBT0143276,equip1,comp1_0,repaired,162,162,0,2021-06-12,2022-06-12,2022-06-12,0.0,0.0,,0.0,,,,True,natural,N/A,N/A,True
0000000003,ABBT0143276,equip1,comp1_0,repaired,338,338,0,2021-12-05,2022-12-05,2022-12-05,0.0,0.0,,0.0,,,,True,natural,N/A,N/A,True
0000000006,ABBT0143276,equip1,comp2_0,active,318,318,0,2022-02-17,,,0.0,93415.68000000001,,3.4,,,,N/A,N/A,False,,False
0000000007,ABBT0143276,equip1,comp2_0,active,261,261,0,2022-04-15,,,0.0,225504.00000000003,,10.0,,,,N/A,N/A,False,,False
0000000008,ABBT0143276,equip1,comp2_0,active,243,243,0,2022-05-03,,,0.0,20995.2,,1.0,,,,N/A,N/A,False,,False
0000000009,ABBT0143276,equip1,comp2_0,active,221,221,0,2022-05-25,,,0.0,22913.28,,1.2,,,,N/A,N/A,False,,False
0000000010,ABBT0143276,equip1,comp2_0,active,209,209,0,2022-06-06,,,0.0,180576.0,,10.0,,,,N/A,N/A,False,,False
0000000011,ABBT0143276,equip1,comp2_0,active,105,105,0,2022-09-18,,,0.0,90720.0,,10.0,,,,N/A,N/A,False,,False
0000000012,ABBT0143276,equip1,comp2_0,active,18,18,0,2022-12-14,,,0.0,1866.24,,1.2,,,,N/A,N/A,False,,False
0000000000,ABBT0143276,equip1,comp2_0,expired,46,46,0,2021-02-16,2022-02-16,2022-02-16,0.0,3974.4,,1.0,,,,N/A,N/A,False,expired,False
0000000001,ABBT0143276,equip1,comp2_0,expired,83,83,0,2021-03-25,2022-03-25,2022-03-25,0.0,24382.08,,3.4,,,,N/A,N/A,False,expired,False
0000000002,ABBT0143276,equip1,comp2_0,expired,143,143,0,2021-05-24,2022-05-24,2022-05-24,0.0,14826.24,,1.2,,,,N/A,N/A,False,expired,False
0000000003,ABBT0143276,equip1,comp2_0,expired,212,212,0,2021-08-01,2022-08-01,2022-08-01,0.0,21980.16,,1.2,,,,N/A,N/A,False,expired,False
0000000004,ABBT0143276,equip1,comp2_0,expired,242,242,0,2021-08-31,2022-08-31,2022-08-31,0.0,71089.92,,3.4,,,,N/A,N/A,False,expired,False
0000000005,ABBT0143276,equip1,comp2_0,expired,291,291,0,2021-10-19,2022-10-19,2022-10-19,0.0,30170.88,,1.2,,,,N/A,N/A,False,expired,False
0000000003,ABBT0143276,equip1,comp2_1,active,296,296,0,2022-03-11,,,0.0,86952.96,,3.4,,,,N/A,N/A,False,,False
0000000004,ABBT0143276,equip1,comp2_1,active,272,272,0,2022-04-04,,,0.0,235008.00000000003,,10.0,,,,N/A,N/A,False,,False
0000000005,ABBT0143276,equip1,comp2_1,active,163,163,0,2022-07-22,,,0.0,140832.0,,10.0,,,,N/A,N/A,False,,False
0000000006,ABBT0143276,equip1,comp2_1,active,107,107,0,2022-09-16,,,0.0,92448.0,,10.0,,,,N/A,N/A,False,,False
0000000007,ABBT0143276,equip1,comp2_1,active,73,73,0,2022-10-20,,,0.0,6307.200000000001,,1.0,,,,N/A,N/A,False,,False
0000000008,ABBT0143276,equip1,comp2_1,active,27,27,0,2022-12-05,,,0.0,23328.0,,10.0,,,,N/A,N/A,False,,False
0000000000,ABBT0143276,equip1,comp2_1,expired,253,253,0,2021-09-11,2022-09-11,2022-09-11,0.0,26231.039999999997,,1.2,,,,N/A,N/A,False,expired,False
0000000001,ABBT0143276,equip1,comp2_1,expired,293,293,0,2021-10-21,2022-10-21,2022-10-21,0.0,25315.2,,1.0,,,,N/A,N/A,False,expired,False
0000000002,ABBT0143276,equip1,comp2_1,expired,361,361,0,2021-12-28,2022-12-28,2022-12-28,0.0,31190.4,,1.0,,,,N/A,N/A,False,expired,False
0000000004,ABBT0143276,equip1,comp2_2,active,215,215,0,2022-05-31,,,0.0,63158.4,,3.4,,,,N/A,N/A,False,,False
0000000005,ABBT0143276,equip1,comp2_2,active,172,172,0,2022-07-13,,,0.0,14860.800000000001,,1.0,,,,N/A,N/A,False,,False
0000000006,ABBT0143276,equip1,comp2_2,active,149,149,0,2022-08-05,,,0.0,12873.6,,1.0,,,,N/A,N/A,False,,False
0000000007,ABBT0143276,equip1,comp2_2,active,52,52,0,2022-11-10,,,0.0,4492.8,,1.0,,,,N/A,N/A,False,,False
0000000008,ABBT0143276,equip1,comp2_2,active,49,49,0,2022-11-13,,,0.0,5080.32,,1.2,,,,N/A,N/A,False,,False
0000000009,ABBT0143276,equip1,comp2_2,active,38,38,0,2022-11-24,,,0.0,11162.88,,3.4,,,,N/A,N/A,False,,False
0000000000,ABBT0143276,equip1,comp2_2,expired,3,3,0,2021-01-04,2022-01-04,2022-01-04,0.0,2592.0,,10.0,,,,N/A,N/A,False,expired,False
0000000001,ABBT0143276,equip1,comp2_2,expired,118,118,0,2021-04-29,2022-04-29,2022-04-29,0.0,101952.0,,10.0,,,,N/A,N/A,False,expired,False
0000000002,ABBT0143276,equip1,comp2_2,expired,141,141,0,2021-05-22,2022-05-22,2022-05-22,0.0,12182.400000000001,,1.0,,,,N/A,N/A,False,expired,False
0000000003,ABBT0143276,equip1,comp2_2,expired,298,298,0,2021-10-26,2022-10-26,2022-10-26,0.0,257472.00000000003,,10.0,,,,N/A,N/A,False,expired,False
0000000008,ABBT0143276,equip2,comp1_0,active,277,277,0,2022-03-30,,2023-03-30,0.0,0.54566784,,2.28e-05,,,,False,,N/A,N/A,True
0000000009,ABBT0143276,equip2,comp1_0,active,269,269,0,2022-04-07,,2023-04-07,0.0,0.0,,0.0,,,,False,,N/A,N/A,True
0000000010,ABBT0143276,equip2,comp1_0,active,244,244,0,2022-05-02,,2023-05-02,0.0,0.0,,0.0,,,,False,,N/A,N/A,True
0000000011,ABBT0143276,equip2,comp1_0,active,234,234,0,2022-05-12,,2023-05-12,0.0,0.0,,0.0,,,,False,,N/A,N/A,True
0000000012,ABBT0143276,equip2,comp1_0,active,117,117,0,2022-09-06,,2023-09-06,0.0,0.0,,0.0,,,,False,,N/A,N/A,True
0000000013,ABBT0143276,equip2,comp1_0,active,105,105,0,2022-09-18,,2023-09-18,0.0,0.0,,0.0,,,,False,,N/A,N/A,True
0000000000,ABBT0143276,equip2,comp1_0,repaired,120,120,0,2021-05-01,2022-05-01,2022-05-01,0.0,0.0,,0.0,,,,True,natural,N/A,N/A,True
0000000001,ABBT0143276,equip2,comp1_0,repaired,192,192,0,2021-07-12,2022-07-12,2022-07-12,0.0,0.0,,0.0,,,,True,natural,N/A,N/A,True
0000000002,ABBT0143276,equip2,comp1_0,repaired,232,232,0,2021-08-21,2022-08-21,2022-08-21,0.0,0.0,,0.0,,,,True,natural,N/A,N/A,True
0000000003,ABBT0143276,equip2,comp1_0,repaired,300,300,0,2021-10-28,2022-10-28,2022-10-28,0.0,0.0,,0.0,,,,True,natural,N/A,N/A,True
0000000004,ABBT0143276,equip2,comp1_0,repaired,320,320,0,2021-11-17,2022-11-17,2022-11-17,0.0,0.0,,0.0,,,,True,natural,N/A,N/A,True
0000000005,ABBT0143276,equip2,comp1_0,repaired,327,327,0,2021-11-24,2022-11-24,2022-11-24,0.0,0.0,,0.0,,,,True,natural,N/A,N/A,True
0000000006,ABBT0143276,equip2,comp1_0,repaired,332,332,0,2021-11-29,2022-11-29,2022-11-29,0.0,0.0,,0.0,,,,True,natural,N/A,N/A,True
0000000007,ABBT0143276,equip2,comp1_0,repaired,357,357,0,2021-12-24,2022-12-24,2022-12-24,0.0,0.0,,0.0,,,,True,natural,N/A,N/A,True
0000000006,ABBT0143276,equip2,comp1_1,active,323,323,0,2022-02-12,,2023-02-12,0.0,0.0,,0.0,,,,False,,N/A,N/A,True
0000000007,ABBT0143276,equip2,comp1_1,active,272,272,0,2022-04-04,,2023-04-04,0.0,0.0,,0.0,,,,False,,N/A,N/A,True
0000000008,ABBT0143276,equip2,comp1_1,active,129,129,0,2022-08-25,,2023-08-25,0.0,0.0,,0.0,,,,False,,N/A,N/A,True
0000000009,ABBT0143276,equip2,comp1_1,active,80,80,0,2022-10-13,,2023-10-13,0.0,0.0,,0.0,,,,False,,N/A,N/A,True
0000000010,ABBT0143276,equip2,comp1_1,active,68,68,0,2022-10-25,,2023-10-25,0.0,0.0,,0.0,,,,False,,N/A,N/A,True
0000000000,ABBT0143276,equip2,comp1_1,repaired,11,11,0,2021-01-12,2022-01-12,2022-01-12,0.0,30.681862992,,0.032283105,,,,True,natural,N/A,N/A,True
0000000001,ABBT0143276,equip2,comp1_1,repaired,78,78,0,2021-03-20,2022-03-20,2022-03-20,0.0,0.0,,0.0,,,,True,natural,N/A,N/A,True
0000000002,ABBT0143276,equip2,comp1_1,repaired,195,195,0,2021-07-15,2022-07-15,2022-07-15,0.0,0.0,,0.0,,,,True,natural,N/A,N/A,True
0000000003,ABBT0143276,equip2,comp1_1,repaired,237,237,0,2021-08-26,2022-08-26,2022-08-26,0.0,0.0,,0.0,,,,True,natural,N/A,N/A,True
0000000004,ABBT0143276,equip2,comp1_1,repaired,268,268,0,2021-09-26,2022-09-26,2022-09-26,0.0,0.0,,0.0,,,,True,natural,N/A,N/A,True
0000000005,ABBT0143276,equip2,comp1_1,repaired,294,294,0,2021-10-22,2022-10-22,2022-10-22,0.0,0.0,,0.0,,,,True,natural,N/A,N/A,True
0000000007,ABBT0143276,equip2,comp1_2,active,231,231,0,2022-05-15,,2023-05-15,0.0,0.0,,0.0,,,,False,,N/A,N/A,True
0000000008,ABBT0143276,equip2,comp1_2,active,99,99,0,2022-09-24,,2023-09-24,0.0,0.0,,0.0,,,,False,,N/A,N/A,True
0000000009,ABBT0143276,equip2,comp1_2,active,11,11,0,2022-12-21,,2023-12-21,0.0,54.745644096,,0.05760274,,,,False,,N/A,N/A,True
0000000000,ABBT0143276,equip2,comp1_2,repaired,20,20,0,2021-01-21,2022-01-21,2022-01-21,0.0,0.0,,0.0,,,,True,natural,N/A,N/A,True
0000000001,ABBT0143276,equip2,comp1_2,repaired,69,69,0,2021-03-11,2022-03-11,2022-03-11,0.0,0.0,,0.0,,,,True,natural,N/A,N/A,True
0000000002,ABBT0143276,equip2,comp1_2,repaired,74,74,0,2021-03-16,2022-03-16,2022-03-16,0.0,0.0,,0.0,,,,True,natural,N/A,N/A,True
0000000003,ABBT0143276,equip2,comp1_2,repaired,190,190,0,2021-07-10,2022-07-10,2022-07-10,0.0,0.0,,0.0,,,,True,natural,N/A,N/A,True
0000000004,ABBT0143276,equip2,comp1_2,repaired,251,251,0,2021-09-09,2022-09-09,2022-09-09,0.0,0.0,,0.0,,,,True,natural,N/A,N/A,True
0000000005,ABBT0143276,equip2,comp1_2,repaired,261,261,0,2021-09-19,2022-09-19,2022-09-19,0.0,1455.4790138015999,,0.064543379,,,,True,natural,N/A,N/A,True
0000000006,ABBT0143276,equip2,comp1_2,repaired,312,312,0,2021-11-09,2022-11-09,2022-11-09,0.0,284.33884377600003,,0.010547945,,,,True,natural,N/A,N/A,True
0000000004,ABBT0136410,equip1,comp1_0,active,273,273,0,2022-04-03,,2023-04-03,0.0,122.78267426880001,,0.005205479,,,,False,,N/A,N/A,True
0000000005,ABBT0136410,equip1,comp1_0,active,159,159,0,2022-07-26,,2023-07-26,0.0,0.0,,0.0,,,,False,,N/A,N/A,True
0000000006,ABBT0136410,equip1,comp1_0,active,103,103,0,2022-09-20,,2023-09-20,0.0,0.0,,0.0,,,,False,,N/A,N/A,True
0000000007,ABBT0136410,equip1,comp1_0,active,72,72,0,2022-10-21,,2023-10-21,0.0,0.0,,0.0,,,,False,,N/A,N/A,True
0000000008,ABBT0136410,equip1,comp1_0,active,35,35,0,2022-11-27,,2023-11-27,0.0,0.0,,0.0,,,,False,,N/A,N/A,True
0000000000,ABBT0136410,equip1,comp1_0,repaired,97,97,0,2021-04-08,2022-04-08,2022-04-08,0.0,71.17939990080002,,0.008493151,,,,True,natural,N/A,N/A,True
0000000001,ABBT0136410,equip1,comp1_0,repaired,290,290,0,2021-10-18,2022-10-18,2022-10-18,0.0,0.0,,0.0,,,,True,natural,N/A,N/A,True
0000000002,ABBT0136410,equip1,comp1_0,repaired,300,300,0,2021-10-28,2022-10-28,2022-10-28,0.0,8.87671872,,0.000342466,,,,True,natural,N/A,N/A,True
0000000003,ABBT0136410,equip1,comp1_0,repaired,330,330,0,2021-11-27,2022-11-27,2022-11-27,0.0,1592.8964409600003,,0.05586758,,,,True,natural,N/A,N/A,True
0000000006,ABBT0136410,equip1,comp2_0,active,277,277,0,2022-03-30,,,0.0,23932.800000000003,,1.0,,,,N/A,N/A,False,,False
0000000007,ABBT0136410,equip1,comp2_0,active,263,263,0,2022-04-13,,,0.0,227232.00000000003,,10.0,,,,N/A,N/A,False,,False
0000000008,ABBT0136410,equip1,comp2_0,active,214,214,0,2022-06-01,,,0.0,184896.0,,10.0,,,,N/A,N/A,False,,False
0000000009,ABBT0136410,equip1,comp2_0,active,89,89,0,2022-10-04,,,0.0,9227.52,,1.2,,,,N/A,N/A,False,,False
0000000000,ABBT0136410,equip1,comp2_0,expired,54,54,0,2021-02-24,2022-02-24,2022-02-24,0.0,5598.72,,1.2,,,,N/A,N/A,False,expired,False
0000000001,ABBT0136410,equip1,comp2_0,expired,62,62,0,2021-03-04,2022-03-04,2022-03-04,0.0,5356.8,,1.0,,,,N/A,N/A,False,expired,False
0000000002,ABBT0136410,equip1,comp2_0,expired,137,137,0,2021-05-18,2022-05-18,2022-05-18,0.0,14204.160000000002,,1.2,,,,N/A,N/A,False,expired,False
0000000003,ABBT0136410,equip1,comp2_0,expired,143,143,0,2021-05-24,2022-05-24,2022-05-24,0.0,14826.24,,1.2,,,,N/A,N/A,False,expired,False
0000000004,ABBT0136410,equip1,comp2_0,expired,164,164,0,2021-06-14,2022-06-14,2022-06-14,0.0,17003.52,,1.2,,,,N/A,N/A,False,expired,False
0000000005,ABBT0136410,equip1,comp2_0,expired,181,181,0,2021-07-01,2022-07-01,2022-07-01,0.0,156384.0,,10.0,,,,N/A,N/A,False,expired,False
0000000003,ABBT0136410,equip1,comp2_1,active,284,284,0,2022-03-23,,,0.0,245376.00000000003,,10.0,,,,N/A,N/A,False,,False
0000000004,ABBT0136410,equip1,comp2_1,active,194,194,0,2022-06-21,,,0.0,16761.600000000002,,1.0,,,,N/A,N/A,False,,False
0000000005,ABBT0136410,equip1,comp2_1,active,165,165,0,2022-07-20,,,0.0,48470.4,,3.4,,,,N/A,N/A,False,,False
0000000006,ABBT0136410,equip1,comp2_1,active,163,163,0,2022-07-22,,,0.0,140832.0,,10.0,,,,N/A,N/A,False,,False
0000000007,ABBT0136410,equip1,comp2_1,active,55,55,0,2022-11-07,,,0.0,4752.0,,1.0,,,,N/A,N/A,False,,False
0000000008,ABBT0136410,equip1,comp2_1,active,54,54,0,2022-11-08,,,0.0,5598.72,,1.2,,,,N/A,N/A,False,,False
0000000009,ABBT0136410,equip1,comp2_1,active,39,39,0,2022-11-23,,,0.0,11456.64,,3.4,,,,N/A,N/A,False,,False
0000000010,ABBT0136410,equip1,comp2_1,active,33,33,0,2022-11-29,,,0.0,3421.4400000000005,,1.2,,,,N/A,N/A,False,,False
0000000011,ABBT0136410,equip1,comp2_1,active,26,26,0,2022-12-06,,,0.0,2695.6800000000003,,1.2,,,,N/A,N/A,False,,False
0000000000,ABBT0136410,equip1,comp2_1,expired,161,161,0,2021-06-11,2022-06-11,2022-06-11,0.0,16692.48,,1.2,,,,N/A,N/A,False,expired,False
0000000001,ABBT0136410,equip1,comp2_1,expired,234,234,0,2021-08-23,2022-08-23,2022-08-23,0.0,202176.0,,10.0,,,,N/A,N/A,False,expired,False
0000000002,ABBT0136410,equip1,comp2_1,expired,267,267,0,2021-09-25,2022-09-25,2022-09-25,0.0,230688.00000000003,,10.0,,,,N/A,N/A,False,expired,False
0000000001,ABBT0136410,equip1,comp2_2,active,287,287,0,2022-03-20,,,0.0,247968.00000000003,,10.0,,,,N/A,N/A,False,,False
0000000000,ABBT0136410,equip1,comp2_2,expired,291,291,0,2021-10-19,2022-10-19,2022-10-19,0.0,30170.88,,1.2,,,,N/A,N/A,False,expired,False
0000000006,ABBT0136410,equip2,comp1_0,active,364,364,0,2022-01-02,,2023-01-02,0.0,0.0,,0.0,,,,False,,N/A,N/A,True
0000000007,ABBT0136410,equip2,comp1_0,active,308,308,0,2022-02-27,,2023-02-27,0.0,0.0,,0.0,,,,False,,N/A,N/A,True
0000000008,ABBT0136410,equip2,comp1_0,active,285,285,0,2022-03-22,,2023-03-22,0.0,0.0,,0.0,,,,False,,N/A,N/A,True
0000000009,ABBT0136410,equip2,comp1_0,active,278,278,0,2022-03-29,,2023-03-29,0.0,0.0,,0.0,,,,False,,N/A,N/A,True
0000000010,ABBT0136410,equip2,comp1_0,active,243,243,0,2022-05-03,,2023-05-03,0.0,4907.0288179872,,0.233721461,,,,False,,N/A,N/A,True
0000000011,ABBT0136410,equip2,comp1_0,active,188,188,0,2022-06-27,,2023-06-27,0.0,0.0,,0.0,,,,False,,N/A,N/A,True
0000000012,ABBT0136410,equip2,comp1_0,active,106,106,0,2022-09-17,,2023-09-17,0.0,232.30553604480002,,0.025365297,,,,False,,N/A,N/A,True
0000000013,ABBT0136410,equip2,comp1_0,active,99,99,0,2022-09-24,,2023-09-24,0.0,0.0,,0.0,,,,False,,N/A,N/A,True
0000000014,ABBT0136410,equip2,comp1_0,active,62,62,0,2022-10-31,,2023-10-31,0.0,0.0,,0.0,,,,False,,N/A,N/A,True
0000000015,ABBT0136410,equip2,comp1_0,active,13,13,0,2022-12-19,,2023-12-19,0.0,8.9753429376,,0.007990868,,,,False,,N/A,N/A,True
0000000000,ABBT0136410,equip2,comp1_0,repaired,80,80,0,2021-03-22,2022-03-22,2022-03-22,0.0,0.0,,0.0,,,,True,natural,N/A,N/A,True
0000000001,ABBT0136410,equip2,comp1_0,repaired,134,134,0,2021-05-15,2022-05-15,2022-05-15,0.0,0.0,,0.0,,,,True,natural,N/A,N/A,True
0000000002,ABBT0136410,equip2,comp1_0,repaired,146,146,0,2021-05-27,2022-05-27,2022-05-27,0.0,0.0,,0.0,,,,True,natural,N/A,N/A,True
0000000003,ABBT0136410,equip2,comp1_0,repaired,297,297,0,2021-10-25,2022-10-25,2022-10-25,0.0,0.0,,0.0,,,,True,natural,N/A,N/A,True
0000000004,ABBT0136410,equip2,comp1_0,repaired,306,306,0,2021-11-03,2022-11-03,2022-11-03,0.0,0.0,,0.0,,,,True,natural,N/A,N/A,True
0000000005,ABBT0136410,equip2,comp1_0,repaired,361,361,0,2021-12-28,2022-12-28,2022-12-28,0.0,0.0,,0.0,,,,True,natural,N/A,N/A,True
0000000005,ABBT0136410,equip2,comp1_1,active,332,332,0,2022-02-03,,2023-02-03,0.0,0.0,,0.0,,,,False,,N/A,N/A,True
0000000006,ABBT0136410,equip2,comp1_1,active,326,326,0,2022-02-09,,2023-02-09,0.0,0.0,,0.0,,,,False,,N/A,N/A,True
0000000007,ABBT0136410,equip2,comp1_1,active,217,217,0,2022-05-29,,2023-05-29,0.0,0.0,,0.0,,,,False,,N/A,N/A,True
0000000008,ABBT0136410,equip2,comp1_1,active,185,185,0,2022-06-30,,2023-06-30,0.0,0.0,,0.0,,,,False,,N/A,N/A,True
0000000009,ABBT0136410,equip2,comp1_1,active,111,111,0,2022-09-12,,2023-09-12,0.0,1457.1715042656,,0.151940639,,,,False,,N/A,N/A,True
0000000010,ABBT0136410,equip2,comp1_1,active,63,63,0,2022-10-30,,2023-10-30,0.0,0.0,,0.0,,,,False,,N/A,N/A,True
0000000000,ABBT0136410,equip2,comp1_1,repaired,15,15,0,2021-01-16,2022-01-16,2022-01-16,0.0,0.0,,0.0,,,,True,natural,N/A,N/A,True
0000000001,ABBT0136410,equip2,comp1_1,repaired,96,96,0,2021-04-07,2022-04-07,2022-04-07,0.0,0.0,,0.0,,,,True,natural,N/A,N/A,True
0000000002,ABBT0136410,equip2,comp1_1,repaired,121,121,0,2021-05-02,2022-05-02,2022-05-02,0.0,0.0,,0.0,,,,True,natural,N/A,N/A,True
0000000003,ABBT0136410,equip2,comp1_1,repaired,215,215,0,2021-08-04,2022-08-04,2022-08-04,0.0,0.0,,0.0,,,,True,natural,N/A,N/A,True
0000000004,ABBT0136410,equip2,comp1_1,repaired,259,259,0,2021-09-17,2022-09-17,2022-09-17,0.0,0.0,,0.0,,,,True,natural,N/A,N/A,True
0000000005,ABBT0136410,equip2,comp1_2,active,260,260,0,2022-04-16,,2023-04-16,0.0,0.0,,0.0,,,,False,,N/A,N/A,True
0000000006,ABBT0136410,equip2,comp1_2,active,245,245,0,2022-05-01,,2023-05-01,0.0,57.51123336,,0.002716895,,,,False,,N/A,N/A,True
0000000007,ABBT0136410,equip2,comp1_2,active,223,223,0,2022-05-23,,2023-05-23,0.0,0.0,,0.0,,,,False,,N/A,N/A,True
0000000008,ABBT0136410,equip2,comp1_2,active,203,203,0,2022-06-12,,2023-06-12,0.0,0.0,,0.0,,,,False,,N/A,N/A,True
0000000000,ABBT0136410,equip2,comp1_2,repaired,42,42,0,2021-02-12,2022-02-12,2022-02-12,0.0,1952.1784126656,,0.537968037,,,,True,natural,N/A,N/A,True
0000000001,ABBT0136410,equip2,comp1_2,repaired,79,79,0,2021-03-21,2022-03-21,2022-03-21,0.0,0.0,,0.0,,,,True,natural,N/A,N/A,True
0000000002,ABBT0136410,equip2,comp1_2,repaired,124,124,0,2021-05-05,2022-05-05,2022-05-05,0.0,0.0,,0.0,,,,True,natural,N/A,N/A,True
0000000003,ABBT0136410,equip2,comp1_2,repaired,204,204,0,2021-07-24,2022-07-24,2022-07-24,0.0,8983.422241344,,0.509680365,,,,True,natural,N/A,N/A,True
0000000004,ABBT0136410,equip2,comp1_2,repaired,318,318,0,2021-11-15,2022-11-15,2022-11-15,0.0,0.0,,0.0,,,,True,natural,N/A,N/A,True
0000000002,ABBT0103713,equip1,comp1_0,active,361,361,0,2022-01-05,,2023-01-05,0.0,0.0,,0.0,,,,False,,N/A,N/A,True
0000000003,ABBT0103713,equip1,comp1_0,active,293,293,0,2022-03-14,,2023-03-14,0.0,0.0,,0.0,,,,False,,N/A,N/A,True
0000000004,ABBT0103713,equip1,comp1_0,active,25,25,0,2022-12-07,,2023-12-07,0.0,0.0,,0.0,,,,False,,N/A,N/A,True
0000000000,ABBT0103713,equip1,comp1_0,repaired,346,346,0,2021-12-13,2022-12-13,2022-12-13,0.0,0.0,,0.0,,,,True,natural,N/A,N/A,True
0000000001,ABBT0103713,equip1,comp1_0,repaired,347,347,0,2021-12-14,2022-12-14,2022-12-14,0.0,1726.9762273920003,,0.05760274,,,,True,natural,N/A,N/A,True
0000000004,ABBT0103713,equip1,comp2_0,active,230,230,0,2022-05-16,,,0.0,67564.8,,3.4,,,,N/A,N/A,False,,False
0000000005,ABBT0103713,equip1,comp2_0,active,218,218,0,2022-05-28,,,0.0,18835.2,,1.0,,,,N/A,N/A,False,,False
0000000006,ABBT0103713,equip1,comp2_0,active,197,197,0,2022-06-18,,,0.0,57870.72,,3.4,,,,N/A,N/A,False,,False
0000000007,ABBT0103713,equip1,comp2_0,active,88,88,0,2022-10-05,,,0.0,76032.0,,10.0,,,,N/A,N/A,False,,False
0000000008,ABBT0103713,equip1,comp2_0,active,66,66,0,2022-10-27,,,0.0,6842.880000000001,,1.2,,,,N/A,N/A,False,,False
0000000009,ABBT0103713,equip1,comp2_0,active,25,25,0,2022-12-07,,,0.0,2592.0,,1.2,,,,N/A,N/A,False,,False
0000000000,ABBT0103713,equip1,comp2_0,expired,130,130,0,2021-05-11,2022-05-11,2022-05-11,0.0,13478.400000000001,,1.2,,,,N/A,N/A,False,expired,False
0000000001,ABBT0103713,equip1,comp2_0,expired,208,208,0,2021-07-28,2022-07-28,2022-07-28,0.0,179712.0,,10.0,,,,N/A,N/A,False,expired,False
0000000002,ABBT0103713,equip1,comp2_0,expired,289,289,0,2021-10-17,2022-10-17,2022-10-17,0.0,24969.600000000002,,1.0,,,,N/A,N/A,False,expired,False
0000000003,ABBT0103713,equip1,comp2_0,expired,295,295,0,2021-10-23,2022-10-23,2022-10-23,0.0,30585.600000000002,,1.2,,,,N/A,N/A,False,expired,False
0000000006,ABBT0103713,equip1,comp2_1,active,344,344,0,2022-01-22,,,0.0,29721.600000000002,,1.0,,,,N/A,N/A,False,,False
0000000007,ABBT0103713,equip1,comp2_1,active,249,249,0,2022-04-27,,,0.0,215136.0,,10.0,,,,N/A,N/A,False,,False
0000000008,ABBT0103713,equip1,comp2_1,active,244,244,0,2022-05-02,,,0.0,21081.600000000002,,1.0,,,,N/A,N/A,False,,False
0000000009,ABBT0103713,equip1,comp2_1,active,204,204,0,2022-06-11,,,0.0,59927.04000000001,,3.4,,,,N/A,N/A,False,,False
0000000010,ABBT0103713,equip1,comp2_1,active,81,81,0,2022-10-12,,,0.0,69984.0,,10.0,,,,N/A,N/A,False,,False
0000000000,ABBT0103713,equip1,comp2_1,expired,62,62,0,2021-03-04,2022-03-04,2022-03-04,0.0,5356.8,,1.0,,,,N/A,N/A,False,expired,False
0000000001,ABBT0103713,equip1,comp2_1,expired,147,147,0,2021-05-28,2022-05-28,2022-05-28,0.0,12700.800000000001,,1.0,,,,N/A,N/A,False,expired,False
0000000002,ABBT0103713,equip1,comp2_1,expired,164,164,0,2021-06-14,2022-06-14,2022-06-14,0.0,14169.6,,1.0,,,,N/A,N/A,False,expired,False
0000000003,ABBT0103713,equip1,comp2_1,expired,249,249,0,2021-09-07,2022-09-07,2022-09-07,0.0,215136.0,,10.0,,,,N/A,N/A,False,expired,False
0000000004,ABBT0103713,equip1,comp2_1,expired,275,275,0,2021-10-03,2022-10-03,2022-10-03,0.0,28512.000000000004,,1.2,,,,N/A,N/A,False,expired,False
0000000005,ABBT0103713,equip1,comp2_1,expired,278,278,0,2021-10-06,2022-10-06,2022-10-06,0.0,28823.039999999997,,1.2,,,,N/A,N/A,False,expired,False
0000000003,ABBT0103713,equip1,comp2_2,active,335,335,0,2022-01-31,,,0.0,28944.000000000004,,1.0,,,,N/A,N/A,False,,False
0000000004,ABBT0103713,equip1,comp2_2,active,276,276,0,2022-03-31,,,0.0,28615.68,,1.2,,,,N/A,N/A,False,,False
0000000005,ABBT0103713,equip1,comp2_2,active,228,228,0,2022-05-18,,,0.0,196992.0,,10.0,,,,N/A,N/A,False,,False
0000000006,ABBT0103713,equip1,comp2_2,active,166,166,0,2022-07-19,,,0.0,143424.0,,10.0,,,,N/A,N/A,False,,False
0000000000,ABBT0103713,equip1,comp2_2,expired,128,128,0,2021-05-09,2022-05-09,2022-05-09,0.0,11059.2,,1.0,,,,N/A,N/A,False,expired,False
0000000001,ABBT0103713,equip1,comp2_2,expired,142,142,0,2021-05-23,2022-05-23,2022-05-23,0.0,14722.560000000001,,1.2,,,,N/A,N/A,False,expired,False
0000000002,ABBT0103713,equip1,comp2_2,expired,259,259,0,2021-09-17,2022-09-17,2022-09-17,0.0,26853.120000000003,,1.2,,,,N/A,N/A,False,expired,False
0000000004,ABBT0103713,equip2,comp1_0,active,317,317,0,2022-02-18,,2023-02-18,0.0,0.0,,0.0,,,,False,,N/A,N/A,True
0000000005,ABBT0103713,equip2,comp1_0,active,279,279,0,2022-03-28,,2023-03-28,0.0,0.0,,0.0,,,,False,,N/A,N/A,True
0000000006,ABBT0103713,equip2,comp1_0,active,230,230,0,2022-05-16,,2023-05-16,0.0,0.0,,0.0,,,,False,,N/A,N/A,True
0000000007,ABBT0103713,equip2,comp1_0,active,108,108,0,2022-09-15,,2023-09-15,0.0,1367.297750016,,0.14652968,,,,False,,N/A,N/A,True
0000000008,ABBT0103713,equip2,comp1_0,active,46,46,0,2022-11-16,,2023-11-16,0.0,0.0,,0.0,,,,False,,N/A,N/A,True
0000000009,ABBT0103713,equip2,comp1_0,active,20,20,0,2022-12-12,,2023-12-12,0.0,0.0,,0.0,,,,False,,N/A,N/A,True
0000000000,ABBT0103713,equip2,comp1_0,repaired,83,83,0,2021-03-25,2022-03-25,2022-03-25,0.0,0.0,,0.0,,,,True,natural,N/A,N/A,True
0000000001,ABBT0103713,equip2,comp1_0,repaired,200,200,0,2021-07-20,2022-07-20,2022-07-20,0.0,0.0,,0.0,,,,True,natural,N/A,N/A,True
0000000002,ABBT0103713,equip2,comp1_0,repaired,269,269,0,2021-09-27,2022-09-27,2022-09-27,0.0,0.0,,0.0,,,,True,natural,N/A,N/A,True
0000000003,ABBT0103713,equip2,comp1_0,repaired,351,351,0,2021-12-18,2022-12-18,2022-12-18,0.0,50.5440101088,,0.001666667,,,,True,natural,N/A,N/A,True
0000000007,ABBT0103713,equip2,comp1_1,active,341,341,0,2022-01-25,,2023-01-25,0.0,0.0,,0.0,,,,False,,N/A,N/A,True
0000000008,ABBT0103713,equip2,comp1_1,active,334,334,0,2022-02-01,,2023-02-01,0.0,444.06444257280003,,0.015388128,,,,False,,N/A,N/A,True
0000000009,ABBT0103713,equip2,comp1_1,active,298,298,0,2022-03-09,,2023-03-09,0.0,13851.170642246401,,0.537968037,,,,False,,N/A,N/A,True
0000000010,ABBT0103713,equip2,comp1_1,active,234,234,0,2022-05-12,,2023-05-12,0.0,1045.0375947648001,,0.051689498,,,,False,,N/A,N/A,True
0000000011,ABBT0103713,equip2,comp1_1,active,155,155,0,2022-07-30,,2023-07-30,0.0,0.0,,0.0,,,,False,,N/A,N/A,True
0000000012,ABBT0103713,equip2,comp1_1,active,131,131,0,2022-08-23,,2023-08-23,0.0,0.0,,0.0,,,,False,,N/A,N/A,True
0000000013,ABBT0103713,equip2,comp1_1,active,98,98,0,2022-09-25,,2023-09-25,0.0,0.0,,0.0,,,,False,,N/A,N/A,True
0000000014,ABBT0103713,equip2,comp1_1,active,62,62,0,2022-10-31,,2023-10-31,0.0,0.0,,0.0,,,,False,,N/A,N/A,True
0000000015,ABBT0103713,equip2,comp1_1,active,42,42,0,2022-11-20,,2023-11-20,0.0,0.0,,0.0,,,,False,,N/A,N/A,True
0000000000,ABBT0103713,equip2,comp1_1,repaired,130,130,0,2021-05-11,2022-05-11,2022-05-11,0.0,5493.93534144,,0.48913242,,,,True,natural,N/A,N/A,True
0000000001,ABBT0103713,equip2,comp1_1,repaired,133,133,0,2021-05-14,2022-05-14,2022-05-14,0.0,0.0,,0.0,,,,True,natural,N/A,N/A,True
0000000002,ABBT0103713,equip2,comp1_1,repaired,134,134,0,2021-05-15,2022-05-15,2022-05-15,0.0,0.0,,0.0,,,,True,natural,N/A,N/A,True
0000000003,ABBT0103713,equip2,comp1_1,repaired,228,228,0,2021-08-17,2022-08-17,2022-08-17,0.0,0.0,,0.0,,,,True,natural,N/A,N/A,True
0000000004,ABBT0103713,equip2,comp1_1,repaired,264,264,0,2021-09-22,2022-09-22,2022-09-22,0.0,0.0,,0.0,,,,True,natural,N/A,N/A,True
0000000005,ABBT0103713,equip2,comp1_1,repaired,274,274,0,2021-10-02,2022-10-02,2022-10-02,0.0,0.0,,0.0,,,,True,natural,N/A,N/A,True
0000000006,ABBT0103713,equip2,comp1_1,repaired,289,289,0,2021-10-17,2022-10-17,2022-10-17,0.0,0.0,,0.0,,,,True,natural,N/A,N/A,True
0000000006,ABBT0103713,equip2,comp1_2,active,344,344,0,2022-01-22,,2023-01-22,0.0,0.0,,0.0,,,,False,,N/A,N/A,True
0000000007,ABBT0103713,equip2,comp1_2,active,288,288,0,2022-03-19,,2023-03-19,0.0,67.60504166400001,,0.002716895,,,,False,,N/A,N/A,True
0000000008,ABBT0103713,equip2,comp1_2,active,280,280,0,2022-03-27,,2023-03-27,0.0,0.0,,0.0,,,,False,,N/A,N/A,True
0000000009,ABBT0103713,equip2,comp1_2,active,279,279,0,2022-03-28,,2023-03-28,0.0,0.0,,0.0,,,,False,,N/A,N/A,True
0000000010,ABBT0103713,equip2,comp1_2,active,261,261,0,2022-04-15,,2023-04-15,0.0,0.0,,0.0,,,,False,,N/A,N/A,True
0000000011,ABBT0103713,equip2,comp1_2,active,232,232,0,2022-05-14,,2023-05-14,0.0,54.459616896,,0.002716895,,,,False,,N/A,N/A,True
0000000012,ABBT0103713,equip2,comp1_2,active,228,228,0,2022-05-18,,2023-05-18,0.0,0.0,,0.0,,,,False,,N/A,N/A,True
0000000013,ABBT0103713,equip2,comp1_2,active,225,225,0,2022-05-21,,2023-05-21,0.0,0.0,,0.0,,,,False,,N/A,N/A,True
0000000014,ABBT0103713,equip2,comp1_2,active,216,216,0,2022-05-30,,2023-05-30,0.0,0.0,,0.0,,,,False,,N/A,N/A,True
0000000015,ABBT0103713,equip2,comp1_2,active,166,166,0,2022-07-19,,2023-07-19,0.0,0.0,,0.0,,,,False,,N/A,N/A,True
0000000016,ABBT0103713,equip2,comp1_2,active,110,110,0,2022-09-13,,2023-09-13,0.0,0.0,,0.0,,,,False,,N/A,N/A,True
0000000017,ABBT0103713,equip2,comp1_2,active,104,104,0,2022-09-19,,2023-09-19,0.0,0.0,,0.0,,,,False,,N/A,N/A,True
0000000000,ABBT0103713,equip2,comp1_2,repaired,63,63,0,2021-03-05,2022-03-05,2022-03-05,0.0,0.0,,0.0,,,,True,natural,N/A,N/A,True
0000000001,ABBT0103713,equip2,comp1_2,repaired,66,66,0,2021-03-08,2022-03-08,2022-03-08,0.0,0.0,,0.0,,,,True,natural,N/A,N/A,True
0000000002,ABBT0103713,equip2,comp1_2,repaired,159,159,0,2021-06-09,2022-06-09,2022-06-09,0.0,0.0,,0.0,,,,True,natural,N/A,N/A,True
0000000003,ABBT0103713,equip2,comp1_2,repaired,177,177,0,2021-06-27,2022-06-27,2022-06-27,0.0,1048.4995093632,,0.068561644,,,,True,natural,N/A,N/A,True
0000000004,ABBT0103713,equip2,comp1_2,repaired,229,229,0,2021-08-18,2022-08-18,2022-08-18,0.0,0.0,,0.0,,,,True,natural,N/A,N/A,True
0000000005,ABBT0103713,equip2,comp1_2,repaired,250,250,0,2021-09-08,2022-09-08,2022-09-08,0.0,18264.8219112,,0.845593607,,,,True,natural,N/A,N/A,True
0000000005,ABBT0123053,equip1,comp1_0,active,357,357,0,2022-01-09,,2023-01-09,0.0,83.802082896,,0.002716895,,,,False,,N/A,N/A,True
0000000006,ABBT0123053,equip1,comp1_0,active,338,338,0,2022-01-28,,2023-01-28,0.0,1170.1282147775999,,0.040068493,,,,False,,N/A,N/A,True
0000000007,ABBT0123053,equip1,comp1_0,active,87,87,0,2022-10-06,,2023-10-06,0.0,0.0,,0.0,,,,False,,N/A,N/A,True
0000000008,ABBT0123053,equip1,comp1_0,active,66,66,0,2022-10-27,,2023-10-27,0.0,0.0,,0.0,,,,False,,N/A,N/A,True
0000000009,ABBT0123053,equip1,comp1_0,active,46,46,0,2022-11-16,,2023-11-16,0.0,0.0,,0.0,,,,False,,N/A,N/A,True
0000000010,ABBT0123053,equip1,comp1_0,active,27,27,0,2022-12-05,,2023-12-05,0.0,390.0249867168001,,0.167191781,,,,False,,N/A,N/A,True
0000000000,ABBT0123053,equip1,comp1_0,repaired,1,1,0,2021-01-01,2022-01-02,2022-01-01,0.0,0.0,,0.0,,,,True,natural,N/A,N/A,True
0000000001,ABBT0123053,equip1,comp1_0,repaired,80,80,0,2021-03-22,2022-03-22,2022-03-22,0.0,0.0,,0.0,,,,True,natural,N/A,N/A,True
0000000002,ABBT0123053,equip1,comp1_0,repaired,113,113,0,2021-04-24,2022-04-24,2022-04-24,0.0,545.446357056,,0.05586758,,,,True,natural,N/A,N/A,True
0000000003,ABBT0123053,equip1,comp1_0,repaired,229,229,0,2021-08-18,2022-08-18,2022-08-18,0.0,0.0,,0.0,,,,True,natural,N/A,N/A,True
0000000004,ABBT0123053,equip1,comp1_0,repaired,242,242,0,2021-08-31,2022-08-31,2022-08-31,0.0,0.0,,0.0,,,,True,natural,N/A,N/A,True
0000000004,ABBT0123053,equip1,comp2_0,active,347,347,0,2022-01-19,,,0.0,29980.800000000003,,1.0,,,,N/A,N/A,False,,False
0000000005,ABBT0123053,equip1,comp2_0,active,291,291,0,2022-03-16,,,0.0,25142.4,,1.0,,,,N/A,N/A,False,,False
0000000006,ABBT0123053,equip1,comp2_0,active,220,220,0,2022-05-26,,,0.0,64627.200000000004,,3.4,,,,N/A,N/A,False,,False
0000000007,ABBT0123053,equip1,comp2_0,active,147,147,0,2022-08-07,,,0.0,127008.00000000001,,10.0,,,,N/A,N/A,False,,False
0000000008,ABBT0123053,equip1,comp2_0,active,32,32,0,2022-11-30,,,0.0,3317.76,,1.2,,,,N/A,N/A,False,,False
0000000000,ABBT0123053,equip1,comp2_0,expired,228,228,0,2021-08-17,2022-08-17,2022-08-17,0.0,66977.28,,3.4,,,,N/A,N/A,False,expired,False
0000000001,ABBT0123053,equip1,comp2_0,expired,318,318,0,2021-11-15,2022-11-15,2022-11-15,0.0,32970.24,,1.2,,,,N/A,N/A,False,expired,False
0000000002,ABBT0123053,equip1,comp2_0,expired,329,329,0,2021-11-26,2022-11-26,2022-11-26,0.0,284256.0,,10.0,,,,N/A,N/A,False,expired,False
0000000003,ABBT0123053,equip1,comp2_0,expired,337,337,0,2021-12-04,2022-12-04,2022-12-04,0.0,29116.800000000003,,1.0,,,,N/A,N/A,False,expired,False
0000000002,ABBT0123053,equip1,comp2_1,active,277,277,0,2022-03-30,,,0.0,28719.36,,1.2,,,,N/A,N/A,False,,False
0000000003,ABBT0123053,equip1,comp2_1,active,136,136,0,2022-08-18,,,0.0,117504.00000000001,,10.0,,,,N/A,N/A,False,,False
0000000004,ABBT0123053,equip1,comp2_1,active,109,109,0,2022-09-14,,,0.0,94176.0,,10.0,,,,N/A,N/A,False,,False
0000000005,ABBT0123053,equip1,comp2_1,active,95,95,0,2022-09-28,,,0.0,8208.0,,1.0,,,,N/A,N/A,False,,False
0000000006,ABBT0123053,equip1,comp2_1,active,22,22,0,2022-12-10,,,0.0,1900.8000000000002,,1.0,,,,N/A,N/A,False,,False
0000000007,ABBT0123053,equip1,comp2_1,active,2,2,0,2022-12-30,,,0.0,172.8,,1.0,,,,N/A,N/A,False,,False
0000000000,ABBT0123053,equip1,comp2_1,expired,49,49,0,2021-02-19,2022-02-19,2022-02-19,0.0,4233.6,,1.0,,,,N/A,N/A,False,expired,False
0000000001,ABBT0123053,equip1,comp2_1,expired,196,196,0,2021-07-16,2022-07-16,2022-07-16,0.0,169344.0,,10.0,,,,N/A,N/A,False,expired,False
0000000007,ABBT0123053,equip1,comp2_2,active,313,313,0,2022-02-22,,,0.0,91946.88,,3.4,,,,N/A,N/A,False,,False
0000000008,ABBT0123053,equip1,comp2_2,active,196,196,0,2022-06-19,,,0.0,20321.28,,1.2,,,,N/A,N/A,False,,False
0000000009,ABBT0123053,equip1,comp2_2,active,188,188,0,2022-06-27,,,0.0,162432.0,,10.0,,,,N/A,N/A,False,,False
0000000010,ABBT0123053,equip1,comp2_2,active,80,80,0,2022-10-13,,,0.0,23500.800000000003,,3.4,,,,N/A,N/A,False,,False
0000000011,ABBT0123053,equip1,comp2_2,active,78,78,0,2022-10-15,,,0.0,22913.28,,3.4,,,,N/A,N/A,False,,False
0000000012,ABBT0123053,equip1,comp2_2,active,1,1,0,2022-12-31,,,0.0,103.68,,1.2,,,,N/A,N/A,False,,False
0000000000,ABBT0123053,equip1,comp2_2,expired,5,5,0,2021-01-06,2022-01-06,2022-01-06,0.0,518.4000000000001,,1.2,,,,N/A,N/A,False,expired,False
0000000001,ABBT0123053,equip1,comp2_2,expired,40,40,0,2021-02-10,2022-02-10,2022-02-10,0.0,4147.200000000001,,1.2,,,,N/A,N/A,False,expired,False
0000000002,ABBT0123053,equip1,comp2_2,expired,191,191,0,2021-07-11,2022-07-11,2022-07-11,0.0,56108.16,,3.4,,,,N/A,N/A,False,expired,False
0000000003,ABBT0123053,equip1,comp2_2,expired,212,212,0,2021-08-01,2022-08-01,2022-08-01,0.0,21980.16,,1.2,,,,N/A,N/A,False,expired,False
0000000004,ABBT0123053,equip1,comp2_2,expired,246,246,0,2021-09-04,2022-09-04,2022-09-04,0.0,21254.4,,1.0,,,,N/A,N/A,False,expired,False
0000000005,ABBT0123053,equip1,comp2_2,expired,332,332,0,2021-11-29,2022-11-29,2022-11-29,0.0,97528.32,,3.4,,,,N/A,N/A,False,expired,False
0000000006,ABBT0123053,equip1,comp2_2,expired,342,342,0,2021-12-09,2022-12-09,2022-12-09,0.0,295488.0,,10.0,,,,N/A,N/A,False,expired,False
0000000008,ABBT0123053,equip2,comp1_0,active,292,292,0,2022-03-15,,2023-03-15,0.0,0.0,,0.0,,,,False,,N/A,N/A,True
0000000009,ABBT0123053,equip2,comp1_0,active,275,275,0,2022-04-01,,2023-04-01,0.0,0.0,,0.0,,,,False,,N/A,N/A,True
0000000010,ABBT0123053,equip2,comp1_0,active,208,208,0,2022-06-07,,2023-06-07,0.0,0.0,,0.0,,,,False,,N/A,N/A,True
0000000011,ABBT0123053,equip2,comp1_0,active,200,200,0,2022-06-15,,2023-06-15,0.0,0.0,,0.0,,,,False,,N/A,N/A,True
0000000012,ABBT0123053,equip2,comp1_0,active,156,156,0,2022-07-29,,2023-07-29,0.0,0.0,,0.0,,,,False,,N/A,N/A,True
0000000013,ABBT0123053,equip2,comp1_0,active,112,112,0,2022-09-11,,2023-09-11,0.0,0.0,,0.0,,,,False,,N/A,N/A,True
0000000014,ABBT0123053,equip2,comp1_0,active,11,11,0,2022-12-21,,2023-12-21,0.0,0.0,,0.0,,,,False,,N/A,N/A,True
0000000000,ABBT0123053,equip2,comp1_0,repaired,6,6,0,2021-01-07,2022-01-07,2022-01-07,0.0,100.40153420160001,,0.193675799,,,,True,natural,N/A,N/A,True
0000000001,ABBT0123053,equip2,comp1_0,repaired,65,65,0,2021-03-07,2022-03-07,2022-03-07,0.0,0.0,,0.0,,,,True,natural,N/A,N/A,True
0000000002,ABBT0123053,equip2,comp1_0,repaired,90,90,0,2021-04-01,2022-04-01,2022-04-01,0.0,0.0,,0.0,,,,True,natural,N/A,N/A,True
0000000003,ABBT0123053,equip2,comp1_0,repaired,110,110,0,2021-04-21,2022-04-21,2022-04-21,0.0,0.0,,0.0,,,,True,natural,N/A,N/A,True
0000000004,ABBT0123053,equip2,comp1_0,repaired,116,116,0,2021-04-27,2022-04-27,2022-04-27,0.0,0.0,,0.0,,,,True,natural,N/A,N/A,True
0000000005,ABBT0123053,equip2,comp1_0,repaired,307,307,0,2021-11-04,2022-11-04,2022-11-04,0.0,0.0,,0.0,,,,True,natural,N/A,N/A,True
0000000006,ABBT0123053,equip2,comp1_0,repaired,345,345,0,2021-12-12,2022-12-12,2022-12-12,0.0,0.0,,0.0,,,,True,natural,N/A,N/A,True
0000000007,ABBT0123053,equip2,comp1_0,repaired,364,364,0,2021-12-31,2022-12-31,2022-12-31,0.0,0.0,,0.0,,,,True,natural,N/A,N/A,True
0000000010,ABBT0123053,equip2,comp1_1,active,352,352,0,2022-01-14,,2023-01-14,0.0,0.0,,0.0,,,,False,,N/A,N/A,True
0000000011,ABBT0123053,equip2,comp1_1,active,339,339,0,2022-01-27,,2023-01-27,0.0,0.0,,0.0,,,,False,,N/A,N/A,True
0000000012,ABBT0123053,equip2,comp1_1,active,311,311,0,2022-02-24,,2023-02-24,0.0,0.0,,0.0,,,,False,,N/A,N/A,True
0000000013,ABBT0123053,equip2,comp1_1,active,232,232,0,2022-05-14,,2023-05-14,0.0,0.0,,0.0,,,,False,,N/A,N/A,True
0000000014,ABBT0123053,equip2,comp1_1,active,196,196,0,2022-06-19,,2023-06-19,0.0,0.0,,0.0,,,,False,,N/A,N/A,True
0000000015,ABBT0123053,equip2,comp1_1,active,118,118,0,2022-09-05,,2023-09-05,0.0,0.0,,0.0,,,,False,,N/A,N/A,True
0000000016,ABBT0123053,equip2,comp1_1,active,110,110,0,2022-09-13,,2023-09-13,0.0,0.0,,0.0,,,,False,,N/A,N/A,True
0000000017,ABBT0123053,equip2,comp1_1,active,70,70,0,2022-10-23,,2023-10-23,0.0,0.0,,0.0,,,,False,,N/A,N/A,True
0000000000,ABBT0123053,equip2,comp1_1,repaired,5,5,0,2021-01-06,2022-01-06,2022-01-06,0.0,0.0,,0.0,,,,True,natural,N/A,N/A,True
0000000001,ABBT0123053,equip2,comp1_1,repaired,6,6,0,2021-01-07,2022-01-07,2022-01-07,0.0,11.232000172800001,,0.021666667,,,,True,natural,N/A,N/A,True
0000000002,ABBT0123053,equip2,comp1_1,repaired,77,77,0,2021-03-19,2022-03-19,2022-03-19,0.0,2.885918112,,0.00043379,,,,True,natural,N/A,N/A,True
0000000003,ABBT0123053,equip2,comp1_1,repaired,100,100,0,2021-04-11,2022-04-11,2022-04-11,0.0,0.0,,0.0,,,,True,natural,N/A,N/A,True
0000000004,ABBT0123053,equip2,comp1_1,repaired,131,131,0,2021-05-12,2022-05-12,2022-05-12,0.0,0.0,,0.0,,,,True,natural,N/A,N/A,True
0000000005,ABBT0123053,equip2,comp1_1,repaired,154,154,0,2021-06-04,2022-06-04,2022-06-04,0.0,0.0,,0.0,,,,True,natural,N/A,N/A,True
0000000006,ABBT0123053,equip2,comp1_1,repaired,189,189,0,2021-07-09,2022-07-09,2022-07-09,0.0,0.0,,0.0,,,,True,natural,N/A,N/A,True
0000000007,ABBT0123053,equip2,comp1_1,repaired,233,233,0,2021-08-22,2022-08-22,2022-08-22,0.0,18733.9660212384,,0.930593607,,,,True,natural,N/A,N/A,True
0000000008,ABBT0123053,equip2,comp1_1,repaired,290,290,0,2021-10-18,2022-10-18,2022-10-18,0.0,0.0,,0.0,,,,True,natural,N/A,N/A,True
0000000009,ABBT0123053,equip2,comp1_1,repaired,302,302,0,2021-10-30,2022-10-30,2022-10-30,0.0,601.6832947008,,0.023059361,,,,True,natural,N/A,N/A,True
0000000008,ABBT0123053,equip2,comp1_2,active,205,205,0,2022-06-10,,2023-06-10,0.0,0.0,,0.0,,,,False,,N/A,N/A,True
0000000009,ABBT0123053,equip2,comp1_2,active,200,200,0,2022-06-15,,2023-06-15,0.0,0.0,,0.0,,,,False,,N/A,N/A,True
0000000010,ABBT0123053,equip2,comp1_2,active,148,148,0,2022-08-06,,2023-08-06,0.0,5560.0964434944,,0.434817352,,,,False,,N/A,N/A,True
0000000011,ABBT0123053,equip2,comp1_2,active,123,123,0,2022-08-31,,2023-08-31,0.0,106.272,,0.01,,,,False,,N/A,N/A,True
0000000012,ABBT0123053,equip2,comp1_2,active,8,8,0,2022-12-24,,2023-12-24,0.0,0.0,,0.0,,,,False,,N/A,N/A,True
0000000000,ABBT0123053,equip2,comp1_2,repaired,2,2,0,2021-01-03,2022-01-03,2022-01-03,0.0,0.0,,0.0,,,,True,natural,N/A,N/A,True
0000000001,ABBT0123053,equip2,comp1_2,repaired,18,18,0,2021-01-19,2022-01-19,2022-01-19,0.0,0.39057603840000005,,0.000251142,,,,True,natural,N/A,N/A,True
0000000002,ABBT0123053,equip2,comp1_2,repaired,82,82,0,2021-03-24,2022-03-24,2022-03-24,0.0,0.0,,0.0,,,,True,natural,N/A,N/A,True
0000000003,ABBT0123053,equip2,comp1_2,repaired,114,114,0,2021-04-25,2022-04-25,2022-04-25,0.0,0.0,,0.0,,,,True,natural,N/A,N/A,True
0000000004,ABBT0123053,equip2,comp1_2,repaired,166,166,0,2021-06-16,2022-06-16,2022-06-16,0.0,0.0,,0.0,,,,True,natural,N/A,N/A,True
0000000005,ABBT0123053,equip2,comp1_2,repaired,228,228,0,2021-08-17,2022-08-17,2022-08-17,0.0,959.3240520960001,,0.04869863,,,,True,natural,N/A,N/A,True
0000000006,ABBT0123053,equip2,comp1_2,repaired,253,253,0,2021-09-11,2022-09-11,2022-09-11,0.0,0.0,,0.0,,,,True,natural,N/A,N/A,True
0000000007,ABBT0123053,equip2,comp1_2,repaired,306,306,0,2021-11-03,2022-11-03,2022-11-03,0.0,0.0,,0.0,,,,True,natural,N/A,N/A,True
0000000004,ABBT0160676,equip1,comp1_0,active,343,343,0,2022-01-23,,2023-01-23,0.0,0.0,,0.0,,,,False,,N/A,N/A,True
0000000005,ABBT0160676,equip1,comp1_0,active,308,308,0,2022-02-27,,2023-02-27,0.0,0.0,,0.0,,,,False,,N/A,N/A,True
0000000006,ABBT0160676,equip1,comp1_0,active,249,249,0,2022-04-27,,2023-04-27,0.0,0.0,,0.0,,,,False,,N/A,N/A,True
0000000007,ABBT0160676,equip1,comp1_0,active,224,224,0,2022-05-22,,2023-05-22,0.0,0.0,,0.0,,,,False,,N/A,N/A,True
0000000008,ABBT0160676,equip1,comp1_0,active,197,197,0,2022-06-18,,2023-06-18,0.0,3017.1116716992,,0.177260274,,,,False,,N/A,N/A,True
0000000009,ABBT0160676,equip1,comp1_0,active,175,175,0,2022-07-10,,2023-07-10,0.0,92.1698568,,0.00609589,,,,False,,N/A,N/A,True
0000000010,ABBT0160676,equip1,comp1_0,active,174,174,0,2022-07-11,,2023-07-11,0.0,0.0,,0.0,,,,False,,N/A,N/A,True
0000000000,ABBT0160676,equip1,comp1_0,repaired,150,150,0,2021-05-31,2022-05-31,2022-05-31,0.0,7560.887664960001,,0.583401826,,,,True,natural,N/A,N/A,True
0000000001,ABBT0160676,equip1,comp1_0,repaired,212,212,0,2021-08-01,2022-08-01,2022-08-01,0.0,204.4957888512,,0.011164384,,,,True,natural,N/A,N/A,True
0000000002,ABBT0160676,equip1,comp1_0,repaired,321,321,0,2021-11-18,2022-11-18,2022-11-18,0.0,0.0,,0.0,,,,True,natural,N/A,N/A,True
0000000003,ABBT0160676,equip1,comp1_0,repaired,331,331,0,2021-11-28,2022-11-28,2022-11-28,0.0,0.0,,0.0,,,,True,natural,N/A,N/A,True
0000000006,ABBT0160676,equip1,comp2_0,active,337,337,0,2022-01-29,,,0.0,291168.0,,10.0,,,,N/A,N/A,False,,False
0000000007,ABBT0160676,equip1,comp2_0,active,222,222,0,2022-05-24,,,0.0,65214.72,,3.4,,,,N/A,N/A,False,,False
0000000008,ABBT0160676,equip1,comp2_0,active,190,190,0,2022-06-25,,,0.0,164160.0,,10.0,,,,N/A,N/A,False,,False
0000000009,ABBT0160676,equip1,comp2_0,active,37,37,0,2022-11-25,,,0.0,31968.000000000004,,10.0,,,,N/A,N/A,False,,False
0000000000,ABBT0160676,equip1,comp2_0,expired,69,69,0,2021-03-11,2022-03-11,2022-03-11,0.0,5961.6,,1.0,,,,N/A,N/A,False,expired,False
0000000001,ABBT0160676,equip1,comp2_0,expired,78,78,0,2021-03-20,2022-03-20,2022-03-20,0.0,22913.28,,3.4,,,,N/A,N/A,False,expired,False
0000000002,ABBT0160676,equip1,comp2_0,expired,87,87,0,2021-03-29,2022-03-29,2022-03-29,0.0,75168.0,,10.0,,,,N/A,N/A,False,expired,False
0000000003,ABBT0160676,equip1,comp2_0,expired,120,120,0,2021-05-01,2022-05-01,2022-05-01,0.0,103680.0,,10.0,,,,N/A,N/A,False,expired,False
0000000004,ABBT0160676,equip1,comp2_0,expired,229,229,0,2021-08-18,2022-08-18,2022-08-18,0.0,23742.72,,1.2,,,,N/A,N/A,False,expired,False
0000000005,ABBT0160676,equip1,comp2_0,expired,344,344,0,2021-12-11,2022-12-11,2022-12-11,0.0,297216.0,,10.0,,,,N/A,N/A,False,expired,False
0000000007,ABBT0160676,equip1,comp2_1,active,301,301,0,2022-03-06,,,0.0,31207.68,,1.2,,,,N/A,N/A,False,,False
0000000008,ABBT0160676,equip1,comp2_1,active,167,167,0,2022-07-18,,,0.0,14428.800000000001,,1.0,,,,N/A,N/A,False,,False
0000000000,ABBT0160676,equip1,comp2_1,expired,37,37,0,2021-02-07,2022-02-07,2022-02-07,0.0,31968.000000000004,,10.0,,,,N/A,N/A,False,expired,False
0000000001,ABBT0160676,equip1,comp2_1,expired,59,59,0,2021-03-01,2022-03-01,2022-03-01,0.0,6117.12,,1.2,,,,N/A,N/A,False,expired,False
0000000002,ABBT0160676,equip1,comp2_1,expired,77,77,0,2021-03-19,2022-03-19,2022-03-19,0.0,7983.36,,1.2,,,,N/A,N/A,False,expired,False
0000000003,ABBT0160676,equip1,comp2_1,expired,90,90,0,2021-04-01,2022-04-01,2022-04-01,0.0,7776.000000000001,,1.0,,,,N/A,N/A,False,expired,False
0000000004,ABBT0160676,equip1,comp2_1,expired,95,95,0,2021-04-06,2022-04-06,2022-04-06,0.0,9849.6,,1.2,,,,N/A,N/A,False,expired,False
0000000005,ABBT0160676,equip1,comp2_1,expired,160,160,0,2021-06-10,2022-06-10,2022-06-10,0.0,47001.600000000006,,3.4,,,,N/A,N/A,False,expired,False
0000000006,ABBT0160676,equip1,comp2_1,expired,257,257,0,2021-09-15,2022-09-15,2022-09-15,0.0,222048.00000000003,,10.0,,,,N/A,N/A,False,expired,False
0000000002,ABBT0160676,equip1,comp2_2,active,326,326,0,2022-02-09,,,0.0,95765.76,,3.4,,,,N/A,N/A,False,,False
0000000003,ABBT0160676,equip1,comp2_2,active,296,296,0,2022-03-11,,,0.0,86952.96,,3.4,,,,N/A,N/A,False,,False
0000000004,ABBT0160676,equip1,comp2_2,active,156,156,0,2022-07-29,,,0.0,13478.400000000001,,1.0,,,,N/A,N/A,False,,False
0000000005,ABBT0160676,equip1,comp2_2,active,116,116,0,2022-09-07,,,0.0,34076.16,,3.4,,,,N/A,N/A,False,,False
0000000006,ABBT0160676,equip1,comp2_2,active,84,84,0,2022-10-09,,,0.0,8709.12,,1.2,,,,N/A,N/A,False,,False
0000000000,ABBT0160676,equip1,comp2_2,expired,29,29,0,2021-01-30,2022-01-30,2022-01-30,0.0,25056.0,,10.0,,,,N/A,N/A,False,expired,False
0000000001,ABBT0160676,equip1,comp2_2,expired,167,167,0,2021-06-17,2022-06-17,2022-06-17,0.0,144288.0,,10.0,,,,N/A,N/A,False,expired,False
0000000007,ABBT0160676,equip2,comp1_0,active,298,298,0,2022-03-09,,2023-03-09,0.0,196.92493597440003,,0.007648402,,,,False,,N/A,N/A,True
0000000008,ABBT0160676,equip2,comp1_0,active,236,236,0,2022-05-10,,2023-05-10,0.0,0.0,,0.0,,,,False,,N/A,N/A,True
0000000009,ABBT0160676,equip2,comp1_0,active,222,222,0,2022-05-24,,2023-05-24,0.0,0.0,,0.0,,,,False,,N/A,N/A,True
0000000010,ABBT0160676,equip2,comp1_0,active,146,146,0,2022-08-08,,2023-08-08,0.0,0.0,,0.0,,,,False,,N/A,N/A,True
0000000011,ABBT0160676,equip2,comp1_0,active,136,136,0,2022-08-18,,2023-08-18,0.0,314.6853708288,,0.026780822,,,,False,,N/A,N/A,True
0000000012,ABBT0160676,equip2,comp1_0,active,127,127,0,2022-08-27,,2023-08-27,0.0,0.0,,0.0,,,,False,,N/A,N/A,True
0000000013,ABBT0160676,equip2,comp1_0,active,56,56,0,2022-11-06,,2023-11-06,0.0,0.0,,0.0,,,,False,,N/A,N/A,True
0000000000,ABBT0160676,equip2,comp1_0,repaired,40,40,0,2021-02-10,2022-02-10,2022-02-10,0.0,0.0,,0.0,,,,True,natural,N/A,N/A,True
0000000001,ABBT0160676,equip2,comp1_0,repaired,70,70,0,2021-03-12,2022-03-12,2022-03-12,0.0,0.0,,0.0,,,,True,natural,N/A,N/A,True
0000000002,ABBT0160676,equip2,comp1_0,repaired,115,115,0,2021-04-26,2022-04-26,2022-04-26,0.0,0.0,,0.0,,,,True,natural,N/A,N/A,True
0000000003,ABBT0160676,equip2,comp1_0,repaired,117,117,0,2021-04-28,2022-04-28,2022-04-28,0.0,519.0568770816,,0.051347032,,,,True,natural,N/A,N/A,True
0000000004,ABBT0160676,equip2,comp1_0,repaired,153,153,0,2021-06-03,2022-06-03,2022-06-03,0.0,0.0,,0.0,,,,True,natural,N/A,N/A,True
0000000005,ABBT0160676,equip2,comp1_0,repaired,300,300,0,2021-10-28,2022-10-28,2022-10-28,0.0,0.0,,0.0,,,,True,natural,N/A,N/A,True
0000000006,ABBT0160676,equip2,comp1_0,repaired,301,301,0,2021-10-29,2022-10-29,2022-10-29,0.0,1.18849248,,4.57e-05,,,,True,natural,N/A,N/A,True
0000000003,ABBT0160676,equip2,comp1_1,active,204,204,0,2022-06-11,,2023-06-11,0.0,0.0,,0.0,,,,False,,N/A,N/A,True
0000000004,ABBT0160676,equip2,comp1_1,active,192,192,0,2022-06-23,,2023-06-23,0.0,0.0,,0.0,,,,False,,N/A,N/A,True
0000000005,ABBT0160676,equip2,comp1_1,active,149,149,0,2022-08-05,,2023-08-05,0.0,0.0,,0.0,,,,False,,N/A,N/A,True
0000000006,ABBT0160676,equip2,comp1_1,active,73,73,0,2022-10-20,,2023-10-20,0.0,0.0,,0.0,,,,False,,N/A,N/A,True
0000000007,ABBT0160676,equip2,comp1_1,active,43,43,0,2022-11-19,,2023-11-19,0.0,0.0,,0.0,,,,False,,N/A,N/A,True
0000000008,ABBT0160676,equip2,comp1_1,active,28,28,0,2022-12-04,,2023-12-04,0.0,0.0,,0.0,,,,False,,N/A,N/A,True
0000000000,ABBT0160676,equip2,comp1_1,repaired,44,44,0,2021-02-14,2022-02-14,2022-02-14,0.0,13.62674016,,0.003584475,,,,True,natural,N/A,N/A,True
0000000001,ABBT0160676,equip2,comp1_1,repaired,155,155,0,2021-06-05,2022-06-05,2022-06-05,0.0,0.0,,0.0,,,,True,natural,N/A,N/A,True
0000000002,ABBT0160676,equip2,comp1_1,repaired,223,223,0,2021-08-12,2022-08-12,2022-08-12,0.0,0.0,,0.0,,,,True,natural,N/A,N/A,True
0000000010,ABBT0160676,equip2,comp1_2,active,338,338,0,2022-01-28,,2023-01-28,0.0,0.0,,0.0,,,,False,,N/A,N/A,True
0000000011,ABBT0160676,equip2,comp1_2,active,82,82,0,2022-10-11,,2023-10-11,0.0,0.0,,0.0,,,,False,,N/A,N/A,True
0000000012,ABBT0160676,equip2,comp1_2,active,21,21,0,2022-12-11,,2023-12-11,0.0,0.0,,0.0,,,,False,,N/A,N/A,True
0000000013,ABBT0160676,equip2,comp1_2,active,1,1,0,2022-12-31,,2023-12-31,0.0,0.0,,0.0,,,,False,,N/A,N/A,True
0000000000,ABBT0160676,equip2,comp1_2,repaired,27,27,0,2021-01-28,2022-01-28,2022-01-28,0.0,0.0,,0.0,,,,True,natural,N/A,N/A,True
0000000001,ABBT0160676,equip2,comp1_2,repaired,44,44,0,2021-02-14,2022-02-14,2022-02-14,0.0,0.0,,0.0,,,,True,natural,N/A,N/A,True
0000000002,ABBT0160676,equip2,comp1_2,repaired,72,72,0,2021-03-14,2022-03-14,2022-03-14,0.0,0.0,,0.0,,,,True,natural,N/A,N/A,True
0000000003,ABBT0160676,equip2,comp1_2,repaired,79,79,0,2021-03-21,2022-03-21,2022-03-21,0.0,0.0,,0.0,,,,True,natural,N/A,N/A,True
0000000004,ABBT0160676,equip2,comp1_2,repaired,80,80,0,2021-03-22,2022-03-22,2022-03-22,0.0,0.0,,0.0,,,,True,natural,N/A,N/A,True
0000000005,ABBT0160676,equip2,comp1_2,repaired,155,155,0,2021-06-05,2022-06-05,2022-06-05,0.0,45.557253792000004,,0.003401826,,,,True,natural,N/A,N/A,True
0000000006,ABBT0160676,equip2,comp1_2,repaired,158,158,0,2021-06-08,2022-06-08,2022-06-08,0.0,0.0,,0.0,,,,True,natural,N/A,N/A,True
0000000007,ABBT0160676,equip2,comp1_2,repaired,169,169,0,2021-06-19,2022-06-19,2022-06-19,0.0,254.02783161600004,,0.01739726,,,,True,natural,N/A,N/A,True
0000000008,ABBT0160676,equip2,comp1_2,repaired,227,227,0,2021-08-16,2022-08-16,2022-08-16,0.0,0.0,,0.0,,,,True,natural,N/A,N/A,True
0000000009,ABBT0160676,equip2,comp1_2,repaired,323,323,0,2021-11-20,2022-11-20,2022-11-20,0.0,1653.4060178400002,,0.059246575,,,,True,natural,N/A,N/A,True
0000000000,ABBT5710098,equip1,comp1_0,active,79,79,0,2022-10-14,,2023-10-14,0.0,134.1744640704,,0.019657534,,,,False,,N/A,N/A,True
0000000001,ABBT5710098,equip1,comp1_0,active,39,39,0,2022-11-23,,2023-11-23,0.0,0.0,,0.0,,,,False,,N/A,N/A,True
0000000005,ABBT5710098,equip1,comp2_0,active,231,231,0,2022-05-15,,,0.0,19958.4,,1.0,,,,N/A,N/A,False,,False
0000000006,ABBT5710098,equip1,comp2_0,active,222,222,0,2022-05-24,,,0.0,191808.0,,10.0,,,,N/A,N/A,False,,False
0000000007,ABBT5710098,equip1,comp2_0,active,99,99,0,2022-09-24,,,0.0,85536.0,,10.0,,,,N/A,N/A,False,,False
0000000008,ABBT5710098,equip1,comp2_0,active,92,92,0,2022-10-01,,,0.0,27025.920000000002,,3.4,,,,N/A,N/A,False,,False
0000000009,ABBT5710098,equip1,comp2_0,active,25,25,0,2022-12-07,,,0.0,2592.0,,1.2,,,,N/A,N/A,False,,False
0000000000,ABBT5710098,equip1,comp2_0,expired,27,27,0,2021-01-28,2022-01-28,2022-01-28,0.0,2799.36,,1.2,,,,N/A,N/A,False,expired,False
0000000001,ABBT5710098,equip1,comp2_0,expired,111,111,0,2021-04-22,2022-04-22,2022-04-22,0.0,11508.48,,1.2,,,,N/A,N/A,False,expired,False
0000000002,ABBT5710098,equip1,comp2_0,expired,114,114,0,2021-04-25,2022-04-25,2022-04-25,0.0,98496.0,,10.0,,,,N/A,N/A,False,expired,False
0000000003,ABBT5710098,equip1,comp2_0,expired,202,202,0,2021-07-22,2022-07-22,2022-07-22,0.0,174528.0,,10.0,,,,N/A,N/A,False,expired,False
0000000004,ABBT5710098,equip1,comp2_0,expired,210,210,0,2021-07-30,2022-07-30,2022-07-30,0.0,61689.600000000006,,3.4,,,,N/A,N/A,False,expired,False
0000000005,ABBT5710098,equip1,comp2_1,active,317,317,0,2022-02-18,,,0.0,32866.56,,1.2,,,,N/A,N/A,False,,False
0000000006,ABBT5710098,equip1,comp2_1,active,306,306,0,2022-03-01,,,0.0,26438.4,,1.0,,,,N/A,N/A,False,,False
0000000007,ABBT5710098,equip1,comp2_1,active,293,293,0,2022-03-14,,,0.0,25315.2,,1.0,,,,N/A,N/A,False,,False
0000000008,ABBT5710098,equip1,comp2_1,active,60,60,0,2022-11-02,,,0.0,17625.600000000002,,3.4,,,,N/A,N/A,False,,False
0000000009,ABBT5710098,equip1,comp2_1,active,23,23,0,2022-12-09,,,0.0,6756.4800000000005,,3.4,,,,N/A,N/A,False,,False
0000000010,ABBT5710098,equip1,comp2_1,active,20,20,0,2022-12-12,,,0.0,5875.200000000001,,3.4,,,,N/A,N/A,False,,False
0000000011,ABBT5710098,equip1,comp2_1,active,6,6,0,2022-12-26,,,0.0,622.0799999999999,,1.2,,,,N/A,N/A,False,,False
0000000000,ABBT5710098,equip1,comp2_1,expired,144,144,0,2021-05-25,2022-05-25,2022-05-25,0.0,12441.6,,1.0,,,,N/A,N/A,False,expired,False
0000000001,ABBT5710098,equip1,comp2_1,expired,150,150,0,2021-05-31,2022-05-31,2022-05-31,0.0,12960.0,,1.0,,,,N/A,N/A,False,expired,False
0000000002,ABBT5710098,equip1,comp2_1,expired,153,153,0,2021-06-03,2022-06-03,2022-06-03,0.0,44945.28,,3.4,,,,N/A,N/A,False,expired,False
0000000003,ABBT5710098,equip1,comp2_1,expired,168,168,0,2021-06-18,2022-06-18,2022-06-18,0.0,49351.68,,3.4,,,,N/A,N/A,False,expired,False
0000000004,ABBT5710098,equip1,comp2_1,expired,186,186,0,2021-07-06,2022-07-06,2022-07-06,0.0,54639.36,,3.4,,,,N/A,N/A,False,expired,False
0000000004,ABBT5710098,equip1,comp2_2,active,364,364,0,2022-01-02,,,0.0,31449.600000000002,,1.0,,,,N/A,N/A,False,,False
0000000005,ABBT5710098,equip1,comp2_2,active,106,106,0,2022-09-17,,,0.0,9158.400000000001,,1.0,,,,N/A,N/A,False,,False
0000000006,ABBT5710098,equip1,comp2_2,active,47,47,0,2022-11-15,,,0.0,13806.72,,3.4,,,,N/A,N/A,False,,False
0000000007,ABBT5710098,equip1,comp2_2,active,6,6,0,2022-12-26,,,0.0,622.0799999999999,,1.2,,,,N/A,N/A,False,,False
0000000000,ABBT5710098,equip1,comp2_2,expired,41,41,0,2021-02-11,2022-02-11,2022-02-11,0.0,3542.4,,1.0,,,,N/A,N/A,False,expired,False
0000000001,ABBT5710098,equip1,comp2_2,expired,150,150,0,2021-05-31,2022-05-31,2022-05-31,0.0,15552.000000000002,,1.2,,,,N/A,N/A,False,expired,False
0000000002,ABBT5710098,equip1,comp2_2,expired,198,198,0,2021-07-18,2022-07-18,2022-07-18,0.0,171072.0,,10.0,,,,N/A,N/A,False,expired,False
0000000003,ABBT5710098,equip1,comp2_2,expired,324,324,0,2021-11-21,2022-11-21,2022-11-21,0.0,27993.600000000002,,1.0,,,,N/A,N/A,False,expired,False
0000000006,ABBT5710098,equip2,comp1_0,active,339,339,0,2022-01-27,,2023-01-27,0.0,0.0,,0.0,,,,False,,N/A,N/A,True
0000000007,ABBT5710098,equip2,comp1_0,active,296,296,0,2022-03-11,,2023-03-11,0.0,0.0,,0.0,,,,False,,N/A,N/A,True
0000000008,ABBT5710098,equip2,comp1_0,active,266,266,0,2022-04-10,,2023-04-10,0.0,0.0,,0.0,,,,False,,N/A,N/A,True
0000000009,ABBT5710098,equip2,comp1_0,active,197,197,0,2022-06-18,,2023-06-18,0.0,0.0,,0.0,,,,False,,N/A,N/A,True
0000000010,ABBT5710098,equip2,comp1_0,active,94,94,0,2022-09-29,,2023-09-29,0.0,0.0,,0.0,,,,False,,N/A,N/A,True
0000000011,ABBT5710098,equip2,comp1_0,active,7,7,0,2022-12-25,,2023-12-25,0.0,0.0,,0.0,,,,False,,N/A,N/A,True
0000000000,ABBT5710098,equip2,comp1_0,repaired,22,22,0,2021-01-23,2022-01-23,2022-01-23,0.0,0.0,,0.0,,,,True,natural,N/A,N/A,True
0000000001,ABBT5710098,equip2,comp1_0,repaired,45,45,0,2021-02-15,2022-02-15,2022-02-15,0.0,0.0,,0.0,,,,True,natural,N/A,N/A,True
0000000002,ABBT5710098,equip2,comp1_0,repaired,170,170,0,2021-06-20,2022-06-20,2022-06-20,0.0,0.0,,0.0,,,,True,natural,N/A,N/A,True
0000000003,ABBT5710098,equip2,comp1_0,repaired,229,229,0,2021-08-18,2022-08-18,2022-08-18,0.0,0.0,,0.0,,,,True,natural,N/A,N/A,True
0000000004,ABBT5710098,equip2,comp1_0,repaired,263,263,0,2021-09-21,2022-09-21,2022-09-21,0.0,0.0,,0.0,,,,True,natural,N/A,N/A,True
0000000005,ABBT5710098,equip2,comp1_0,repaired,352,352,0,2021-12-19,2022-12-19,2022-12-19,0.0,0.0,,0.0,,,,True,natural,N/A,N/A,True
0000000007,ABBT5710098,equip2,comp1_1,active,351,351,0,2022-01-15,,2023-01-15,0.0,0.0,,0.0,,,,False,,N/A,N/A,True
0000000008,ABBT5710098,equip2,comp1_1,active,220,220,0,2022-05-26,,2023-05-26,0.0,0.0,,0.0,,,,False,,N/A,N/A,True
0000000009,ABBT5710098,equip2,comp1_1,active,211,211,0,2022-06-04,,2023-06-04,0.0,0.0,,0.0,,,,False,,N/A,N/A,True
0000000010,ABBT5710098,equip2,comp1_1,active,162,162,0,2022-07-23,,2023-07-23,0.0,99.06411559680001,,0.007077626,,,,False,,N/A,N/A,True
0000000011,ABBT5710098,equip2,comp1_1,active,87,87,0,2022-10-06,,2023-10-06,0.0,130.77172396800003,,0.01739726,,,,False,,N/A,N/A,True
0000000012,ABBT5710098,equip2,comp1_1,active,66,66,0,2022-10-27,,2023-10-27,0.0,0.0,,0.0,,,,False,,N/A,N/A,True
0000000000,ABBT5710098,equip2,comp1_1,repaired,16,16,0,2021-01-17,2022-01-17,2022-01-17,0.0,0.0,,0.0,,,,True,natural,N/A,N/A,True
0000000001,ABBT5710098,equip2,comp1_1,repaired,74,74,0,2021-03-16,2022-03-16,2022-03-16,0.0,0.0,,0.0,,,,True,natural,N/A,N/A,True
0000000002,ABBT5710098,equip2,comp1_1,repaired,157,157,0,2021-06-07,2022-06-07,2022-06-07,0.0,460.5218672256001,,0.033949772,,,,True,natural,N/A,N/A,True
0000000003,ABBT5710098,equip2,comp1_1,repaired,175,175,0,2021-06-25,2022-06-25,2022-06-25,0.0,0.0,,0.0,,,,True,natural,N/A,N/A,True
0000000004,ABBT5710098,equip2,comp1_1,repaired,185,185,0,2021-07-05,2022-07-05,2022-07-05,0.0,0.0,,0.0,,,,True,natural,N/A,N/A,True
0000000005,ABBT5710098,equip2,comp1_1,repaired,268,268,0,2021-09-26,2022-09-26,2022-09-26,0.0,0.0,,0.0,,,,True,natural,N/A,N/A,True
0000000006,ABBT5710098,equip2,comp1_1,repaired,357,357,0,2021-12-24,2022-12-24,2022-12-24,0.0,0.0,,0.0,,,,True,natural,N/A,N/A,True
0000000005,ABBT5710098,equip2,comp1_2,active,247,247,0,2022-04-29,,2023-04-29,0.0,0.0,,0.0,,,,False,,N/A,N/A,True
0000000006,ABBT5710098,equip2,comp1_2,active,246,246,0,2022-04-30,,2023-04-30,0.0,686.1580269120001,,0.032283105,,,,False,,N/A,N/A,True
0000000007,ABBT5710098,equip2,comp1_2,active,194,194,0,2022-06-21,,2023-06-21,0.0,0.0,,0.0,,,,False,,N/A,N/A,True
0000000008,ABBT5710098,equip2,comp1_2,active,170,170,0,2022-07-15,,2023-07-15,0.0,0.0,,0.0,,,,False,,N/A,N/A,True
0000000009,ABBT5710098,equip2,comp1_2,active,83,83,0,2022-10-10,,2023-10-10,0.0,0.0,,0.0,,,,False,,N/A,N/A,True
0000000000,ABBT5710098,equip2,comp1_2,repaired,53,53,0,2021-02-23,2022-02-23,2022-02-23,0.0,0.0,,0.0,,,,True,natural,N/A,N/A,True
0000000001,ABBT5710098,equip2,comp1_2,repaired,76,76,0,2021-03-18,2022-03-18,2022-03-18,0.0,0.0,,0.0,,,,True,natural,N/A,N/A,True
0000000002,ABBT5710098,equip2,comp1_2,repaired,96,96,0,2021-04-07,2022-04-07,2022-04-07,0.0,0.0,,0.0,,,,True,natural,N/A,N/A,True
0000000003,ABBT5710098,equip2,comp1_2,repaired,203,203,0,2021-07-23,2022-07-23,2022-07-23,0.0,0.0,,0.0,,,,True,natural,N/A,N/A,True
0000000004,ABBT5710098,equip2,comp1_2,repaired,257,257,0,2021-09-15,2022-09-15,2022-09-15,0.0,0.0,,0.0,,,,True,natural,N/A,N/A,True
0000000003,ABBT0154643,equip1,comp1_0,active,337,337,0,2022-01-29,,2023-01-29,0.0,0.0,,0.0,,,,False,,N/A,N/A,True
0000000004,ABBT0154643,equip1,comp1_0,active,325,325,0,2022-02-10,,2023-02-10,0.0,0.0,,0.0,,,,False,,N/A,N/A,True
0000000005,ABBT0154643,equip1,comp1_0,active,86,86,0,2022-10-07,,2023-10-07,0.0,0.0,,0.0,,,,False,,N/A,N/A,True
0000000006,ABBT0154643,equip1,comp1_0,active,57,57,0,2022-11-05,,2023-11-05,0.0,0.0,,0.0,,,,False,,N/A,N/A,True
0000000000,ABBT0154643,equip1,comp1_0,repaired,37,37,0,2021-02-07,2022-02-07,2022-02-07,0.0,0.0,,0.0,,,,True,natural,N/A,N/A,True
0000000001,ABBT0154643,equip1,comp1_0,repaired,254,254,0,2021-09-12,2022-09-12,2022-09-12,0.0,0.0,,0.0,,,,True,natural,N/A,N/A,True
0000000002,ABBT0154643,equip1,comp1_0,repaired,344,344,0,2021-12-11,2022-12-11,2022-12-11,0.0,1447.4012014080001,,0.04869863,,,,True,natural,N/A,N/A,True
0000000005,ABBT0154643,equip1,comp2_0,active,364,364,0,2022-01-02,,,0.0,314496.0,,10.0,,,,N/A,N/A,False,,False
0000000006,ABBT0154643,equip1,comp2_0,active,357,357,0,2022-01-09,,,0.0,104872.32,,3.4,,,,N/A,N/A,False,,False
0000000007,ABBT0154643,equip1,comp2_0,active,343,343,0,2022-01-23,,,0.0,35562.24,,1.2,,,,N/A,N/A,False,,False
0000000008,ABBT0154643,equip1,comp2_0,active,317,317,0,2022-02-18,,,0.0,93121.92,,3.4,,,,N/A,N/A,False,,False
0000000009,ABBT0154643,equip1,comp2_0,active,152,152,0,2022-08-02,,,0.0,15759.360000000002,,1.2,,,,N/A,N/A,False,,False
0000000010,ABBT0154643,equip1,comp2_0,active,121,121,0,2022-09-02,,,0.0,10454.400000000001,,1.0,,,,N/A,N/A,False,,False
0000000011,ABBT0154643,equip1,comp2_0,active,93,93,0,2022-09-30,,,0.0,8035.200000000001,,1.0,,,,N/A,N/A,False,,False
0000000000,ABBT0154643,equip1,comp2_0,expired,7,7,0,2021-01-08,2022-01-08,2022-01-08,0.0,6048.0,,10.0,,,,N/A,N/A,False,expired,False
0000000001,ABBT0154643,equip1,comp2_0,expired,19,19,0,2021-01-20,2022-01-20,2022-01-20,0.0,1969.9200000000003,,1.2,,,,N/A,N/A,False,expired,False
0000000002,ABBT0154643,equip1,comp2_0,expired,165,165,0,2021-06-15,2022-06-15,2022-06-15,0.0,142560.0,,10.0,,,,N/A,N/A,False,expired,False
0000000003,ABBT0154643,equip1,comp2_0,expired,222,222,0,2021-08-11,2022-08-11,2022-08-11,0.0,23016.96,,1.2,,,,N/A,N/A,False,expired,False
0000000004,ABBT0154643,equip1,comp2_0,expired,329,329,0,2021-11-26,2022-11-26,2022-11-26,0.0,284256.0,,10.0,,,,N/A,N/A,False,expired,False
0000000012,ABBT0154643,equip1,comp2_1,active,354,354,0,2022-01-12,,,0.0,30585.600000000002,,1.0,,,,N/A,N/A,False,,False
0000000013,ABBT0154643,equip1,comp2_1,active,337,337,0,2022-01-29,,,0.0,98997.12,,3.4,,,,N/A,N/A,False,,False
0000000014,ABBT0154643,equip1,comp2_1,active,319,319,0,2022-02-16,,,0.0,275616.0,,10.0,,,,N/A,N/A,False,,False
0000000015,ABBT0154643,equip1,comp2_1,active,284,284,0,2022-03-23,,,0.0,24537.600000000002,,1.0,,,,N/A,N/A,False,,False
0000000016,ABBT0154643,equip1,comp2_1,active,205,205,0,2022-06-10,,,0.0,177120.0,,10.0,,,,N/A,N/A,False,,False
0000000017,ABBT0154643,equip1,comp2_1,active,91,91,0,2022-10-02,,,0.0,26732.16,,3.4,,,,N/A,N/A,False,,False
0000000018,ABBT0154643,equip1,comp2_1,active,56,56,0,2022-11-06,,,0.0,48384.0,,10.0,,,,N/A,N/A,False,,False
0000000019,ABBT0154643,equip1,comp2_1,active,18,18,0,2022-12-14,,,0.0,15552.000000000002,,10.0,,,,N/A,N/A,False,,False
0000000000,ABBT0154643,equip1,comp2_1,expired,30,30,0,2021-01-31,2022-01-31,2022-01-31,0.0,25920.0,,10.0,,,,N/A,N/A,False,expired,False
0000000001,ABBT0154643,equip1,comp2_1,expired,36,36,0,2021-02-06,2022-02-06,2022-02-06,0.0,3110.4,,1.0,,,,N/A,N/A,False,expired,False
0000000002,ABBT0154643,equip1,comp2_1,expired,49,49,0,2021-02-19,2022-02-19,2022-02-19,0.0,42336.0,,10.0,,,,N/A,N/A,False,expired,False
0000000003,ABBT0154643,equip1,comp2_1,expired,86,86,0,2021-03-28,2022-03-28,2022-03-28,0.0,74304.0,,10.0,,,,N/A,N/A,False,expired,False
0000000004,ABBT0154643,equip1,comp2_1,expired,87,87,0,2021-03-29,2022-03-29,2022-03-29,0.0,9020.16,,1.2,,,,N/A,N/A,False,expired,False
0000000005,ABBT0154643,equip1,comp2_1,expired,98,98,0,2021-04-09,2022-04-09,2022-04-09,0.0,84672.0,,10.0,,,,N/A,N/A,False,expired,False
0000000006,ABBT0154643,equip1,comp2_1,expired,110,110,0,2021-04-21,2022-04-21,2022-04-21,0.0,32313.600000000002,,3.4,,,,N/A,N/A,False,expired,False
0000000007,ABBT0154643,equip1,comp2_1,expired,128,128,0,2021-05-09,2022-05-09,2022-05-09,0.0,13271.04,,1.2,,,,N/A,N/A,False,expired,False
0000000008,ABBT0154643,equip1,comp2_1,expired,184,184,0,2021-07-04,2022-07-04,2022-07-04,0.0,19077.12,,1.2,,,,N/A,N/A,False,expired,False
0000000009,ABBT0154643,equip1,comp2_1,expired,253,253,0,2021-09-11,2022-09-11,2022-09-11,0.0,74321.28,,3.4,,,,N/A,N/A,False,expired,False
0000000010,ABBT0154643,equip1,comp2_1,expired,263,263,0,2021-09-21,2022-09-21,2022-09-21,0.0,27267.84,,1.2,,,,N/A,N/A,False,expired,False
0000000011,ABBT0154643,equip1,comp2_1,expired,335,335,0,2021-12-02,2022-12-02,2022-12-02,0.0,289440.0,,10.0,,,,N/A,N/A,False,expired,False
0000000004,ABBT0154643,equip1,comp2_2,active,342,342,0,2022-01-24,,,0.0,295488.0,,10.0,,,,N/A,N/A,False,,False
0000000005,ABBT0154643,equip1,comp2_2,active,261,261,0,2022-04-15,,,0.0,27060.48,,1.2,,,,N/A,N/A,False,,False
0000000006,ABBT0154643,equip1,comp2_2,active,138,138,0,2022-08-16,,,0.0,11923.2,,1.0,,,,N/A,N/A,False,,False
0000000007,ABBT0154643,equip1,comp2_2,active,27,27,0,2022-12-05,,,0.0,2799.36,,1.2,,,,N/A,N/A,False,,False
0000000008,ABBT0154643,equip1,comp2_2,active,21,21,0,2022-12-11,,,0.0,1814.4,,1.0,,,,N/A,N/A,False,,False
0000000000,ABBT0154643,equip1,comp2_2,expired,49,49,0,2021-02-19,2022-02-19,2022-02-19,0.0,5080.32,,1.2,,,,N/A,N/A,False,expired,False
0000000001,ABBT0154643,equip1,comp2_2,expired,54,54,0,2021-02-24,2022-02-24,2022-02-24,0.0,5598.72,,1.2,,,,N/A,N/A,False,expired,False
0000000002,ABBT0154643,equip1,comp2_2,expired,122,122,0,2021-05-03,2022-05-03,2022-05-03,0.0,105408.0,,10.0,,,,N/A,N/A,False,expired,False
0000000003,ABBT0154643,equip1,comp2_2,expired,213,213,0,2021-08-02,2022-08-02,2022-08-02,0.0,18403.2,,1.0,,,,N/A,N/A,False,expired,False
0000000012,ABBT0154643,equip2,comp1_0,active,364,364,0,2022-01-02,,2023-01-02,0.0,0.0,,0.0,,,,False,,N/A,N/A,True
0000000013,ABBT0154643,equip2,comp1_0,active,238,238,0,2022-05-08,,2023-05-08,0.0,0.0,,0.0,,,,False,,N/A,N/A,True
0000000014,ABBT0154643,equip2,comp1_0,active,176,176,0,2022-07-09,,2023-07-09,0.0,0.0,,0.0,,,,False,,N/A,N/A,True
0000000015,ABBT0154643,equip2,comp1_0,active,79,79,0,2022-10-14,,2023-10-14,0.0,23.219503545600002,,0.003401826,,,,False,,N/A,N/A,True
0000000016,ABBT0154643,equip2,comp1_0,active,33,33,0,2022-11-29,,2023-11-29,0.0,68.4157814208,,0.023995434,,,,False,,N/A,N/A,True
0000000000,ABBT0154643,equip2,comp1_0,repaired,3,3,0,2021-01-04,2022-01-04,2022-01-04,0.0,125.02553420160001,,0.482351598,,,,True,natural,N/A,N/A,True
0000000001,ABBT0154643,equip2,comp1_0,repaired,8,8,0,2021-01-09,2022-01-09,2022-01-09,0.0,0.0,,0.0,,,,True,natural,N/A,N/A,True
0000000002,ABBT0154643,equip2,comp1_0,repaired,62,62,0,2021-03-04,2022-03-04,2022-03-04,0.0,0.0,,0.0,,,,True,natural,N/A,N/A,True
0000000003,ABBT0154643,equip2,comp1_0,repaired,93,93,0,2021-04-04,2022-04-04,2022-04-04,0.0,0.0,,0.0,,,,True,natural,N/A,N/A,True
0000000004,ABBT0154643,equip2,comp1_0,repaired,103,103,0,2021-04-14,2022-04-14,2022-04-14,0.0,0.0,,0.0,,,,True,natural,N/A,N/A,True
0000000005,ABBT0154643,equip2,comp1_0,repaired,111,111,0,2021-04-22,2022-04-22,2022-04-22,0.0,0.0,,0.0,,,,True,natural,N/A,N/A,True
0000000006,ABBT0154643,equip2,comp1_0,repaired,137,137,0,2021-05-18,2022-05-18,2022-05-18,0.0,1357.4485444320003,,0.114680365,,,,True,natural,N/A,N/A,True
0000000007,ABBT0154643,equip2,comp1_0,repaired,209,209,0,2021-07-29,2022-07-29,2022-07-29,0.0,108.42805100160001,,0.006004566,,,,True,natural,N/A,N/A,True
0000000008,ABBT0154643,equip2,comp1_0,repaired,211,211,0,2021-07-31,2022-07-31,2022-07-31,0.0,0.0,,0.0,,,,True,natural,N/A,N/A,True
0000000009,ABBT0154643,equip2,comp1_0,repaired,234,234,0,2021-08-23,2022-08-23,2022-08-23,0.0,0.0,,0.0,,,,True,natural,N/A,N/A,True
0000000010,ABBT0154643,equip2,comp1_0,repaired,258,258,0,2021-09-16,2022-09-16,2022-09-16,0.0,0.0,,0.0,,,,True,natural,N/A,N/A,True
0000000011,ABBT0154643,equip2,comp1_0,repaired,322,322,0,2021-11-19,2022-11-19,2022-11-19,0.0,0.0,,0.0,,,,True,natural,N/A,N/A,True
0000000006,ABBT0154643,equip2,comp1_1,active,276,276,0,2022-03-31,,2023-03-31,0.0,1402.473196224,,0.058812785,,,,False,,N/A,N/A,True
0000000007,ABBT0154643,equip2,comp1_1,active,74,74,0,2022-10-19,,2023-10-19,0.0,0.0,,0.0,,,,False,,N/A,N/A,True
0000000008,ABBT0154643,equip2,comp1_1,active,9,9,0,2022-12-23,,2023-12-23,0.0,0.0,,0.0,,,,False,,N/A,N/A,True
0000000000,ABBT0154643,equip2,comp1_1,repaired,25,25,0,2021-01-26,2022-01-26,2022-01-26,0.0,0.0,,0.0,,,,True,natural,N/A,N/A,True
0000000001,ABBT0154643,equip2,comp1_1,repaired,81,81,0,2021-03-23,2022-03-23,2022-03-23,0.0,0.0,,0.0,,,,True,natural,N/A,N/A,True
0000000002,ABBT0154643,equip2,comp1_1,repaired,178,178,0,2021-06-28,2022-06-28,2022-06-28,0.0,0.0,,0.0,,,,True,natural,N/A,N/A,True
0000000003,ABBT0154643,equip2,comp1_1,repaired,240,240,0,2021-08-29,2022-08-29,2022-08-29,0.0,448.33315968000005,,0.021621005,,,,True,natural,N/A,N/A,True
0000000004,ABBT0154643,equip2,comp1_1,repaired,321,321,0,2021-11-18,2022-11-18,2022-11-18,0.0,0.0,,0.0,,,,True,natural,N/A,N/A,True
0000000005,ABBT0154643,equip2,comp1_1,repaired,365,365,0,2022-01-01,2023-01-01,2023-01-01,0.0,0.0,,0.0,,,,True,natural,N/A,N/A,True
0000000003,ABBT0154643,equip2,comp1_2,active,244,244,0,2022-05-02,,2023-05-02,0.0,0.0,,0.0,,,,False,,N/A,N/A,True
0000000004,ABBT0154643,equip2,comp1_2,active,241,241,0,2022-05-05,,2023-05-05,0.0,0.0,,0.0,,,,False,,N/A,N/A,True
0000000005,ABBT0154643,equip2,comp1_2,active,187,187,0,2022-06-28,,2023-06-28,0.0,0.0,,0.0,,,,False,,N/A,N/A,True
0000000006,ABBT0154643,equip2,comp1_2,active,148,148,0,2022-08-06,,2023-08-06,0.0,0.0,,0.0,,,,False,,N/A,N/A,True
0000000007,ABBT0154643,equip2,comp1_2,active,130,130,0,2022-08-24,,2023-08-24,0.0,0.0,,0.0,,,,False,,N/A,N/A,True
0000000008,ABBT0154643,equip2,comp1_2,active,6,6,0,2022-12-26,,2023-12-26,0.0,2.3907944448000005,,0.004611872,,,,False,,N/A,N/A,True
0000000000,ABBT0154643,equip2,comp1_2,repaired,25,25,0,2021-01-26,2022-01-26,2022-01-26,0.0,1202.35068576,,0.556643836,,,,True,natural,N/A,N/A,True
0000000001,ABBT0154643,equip2,comp1_2,repaired,125,125,0,2021-05-06,2022-05-06,2022-05-06,0.0,1774.3561596000002,,0.164292237,,,,True,natural,N/A,N/A,True
0000000002,ABBT0154643,equip2,comp1_2,repaired,157,157,0,2021-06-07,2022-06-07,2022-06-07,0.0,0.0,,0.0,,,,True,natural,N/A,N/A,True
